[{"model": "contenttypes.contenttype", "pk": 1, "fields": {"app_label": "admin", "model": "logentry"}}, {"model": "contenttypes.contenttype", "pk": 2, "fields": {"app_label": "auth", "model": "permission"}}, {"model": "contenttypes.contenttype", "pk": 3, "fields": {"app_label": "auth", "model": "group"}}, {"model": "contenttypes.contenttype", "pk": 4, "fields": {"app_label": "auth", "model": "user"}}, {"model": "contenttypes.contenttype", "pk": 5, "fields": {"app_label": "contenttypes", "model": "contenttype"}}, {"model": "contenttypes.contenttype", "pk": 6, "fields": {"app_label": "sessions", "model": "session"}}, {"model": "contenttypes.contenttype", "pk": 7, "fields": {"app_label": "apps", "model": "appname"}}, {"model": "contenttypes.contenttype", "pk": 8, "fields": {"app_label": "blog", "model": "blog"}}, {"model": "contenttypes.contenttype", "pk": 9, "fields": {"app_label": "blog", "model": "blogsource"}}, {"model": "contenttypes.contenttype", "pk": 10, "fields": {"app_label": "blog", "model": "blogtype"}}, {"model": "contenttypes.contenttype", "pk": 11, "fields": {"app_label": "comment", "model": "comment"}}, {"model": "contenttypes.contenttype", "pk": 12, "fields": {"app_label": "blog", "model": "readnum"}}, {"model": "sessions.session", "pk": "1h9n75b6iryy5ws0bmzq2z6fkj9p5wto", "fields": {"session_data": "MzRjNDgyOGEwNDY2NGQyOGM4MzkyMDZhNThlM2NlMGZlNzQ3Nzk1Yzp7fQ==", "expire_date": "2020-06-24T05:20:51.343Z"}}, {"model": "sessions.session", "pk": "2bf1glc208glh3avm2cgo71l8v8go4hk", "fields": {"session_data": "NDFlOGQ4OWM0NzBkOGVmY2FiNjk3MTlkNGNlMGQ5ODE3Yzg0N2Q0ZTp7Il9hdXRoX3VzZXJfaWQiOiIxIiwiX2F1dGhfdXNlcl9iYWNrZW5kIjoiZGphbmdvLmNvbnRyaWIuYXV0aC5iYWNrZW5kcy5Nb2RlbEJhY2tlbmQiLCJfYXV0aF91c2VyX2hhc2giOiJmYjI1YzIxYzMxMDhlYWFmMGZhNDE2MGY1OWRjMTc2NDJlODNkMWRmIn0=", "expire_date": "2020-08-04T01:34:01.600Z"}}, {"model": "sessions.session", "pk": "4coxrwd34mt7jjbtjl3uly6fuhey72zn", "fields": {"session_data": "ZGFkOWM3NjRkMTNjYjUzYTU1ZGM0YmIwNmJjM2I2ZGUyMDk2NzcwNDp7Il9hdXRoX3VzZXJfaWQiOiIzIiwiX2F1dGhfdXNlcl9iYWNrZW5kIjoiZGphbmdvLmNvbnRyaWIuYXV0aC5iYWNrZW5kcy5Nb2RlbEJhY2tlbmQiLCJfYXV0aF91c2VyX2hhc2giOiIyMTNmNTA1YTI2MjJhOTUxNmI4NTM2YTAwNzNmMGZiNDIxMzAwNzk2In0=", "expire_date": "2020-06-24T03:53:38.593Z"}}, {"model": "sessions.session", "pk": "4kfmg4s2jlrxhbd9tn3yhzi0jtie7754", "fields": {"session_data": "NDFlOGQ4OWM0NzBkOGVmY2FiNjk3MTlkNGNlMGQ5ODE3Yzg0N2Q0ZTp7Il9hdXRoX3VzZXJfaWQiOiIxIiwiX2F1dGhfdXNlcl9iYWNrZW5kIjoiZGphbmdvLmNvbnRyaWIuYXV0aC5iYWNrZW5kcy5Nb2RlbEJhY2tlbmQiLCJfYXV0aF91c2VyX2hhc2giOiJmYjI1YzIxYzMxMDhlYWFmMGZhNDE2MGY1OWRjMTc2NDJlODNkMWRmIn0=", "expire_date": "2020-06-24T16:37:07.209Z"}}, {"model": "sessions.session", "pk": "4yy1831reolmnfd0doa5ya0sktdsucm2", "fields": {"session_data": "NDFlOGQ4OWM0NzBkOGVmY2FiNjk3MTlkNGNlMGQ5ODE3Yzg0N2Q0ZTp7Il9hdXRoX3VzZXJfaWQiOiIxIiwiX2F1dGhfdXNlcl9iYWNrZW5kIjoiZGphbmdvLmNvbnRyaWIuYXV0aC5iYWNrZW5kcy5Nb2RlbEJhY2tlbmQiLCJfYXV0aF91c2VyX2hhc2giOiJmYjI1YzIxYzMxMDhlYWFmMGZhNDE2MGY1OWRjMTc2NDJlODNkMWRmIn0=", "expire_date": "2020-06-25T02:51:29.839Z"}}, {"model": "sessions.session", "pk": "4z7828x46kj51q2ctdhg3kzubne7ec3j", "fields": {"session_data": "ZTJiMTg4N2QxNjA5YTg1N2ZmODc3OWRhODZkNjhmZjgzYTNlYWM5Zjp7Il9hdXRoX3VzZXJfaWQiOiI4IiwiX2F1dGhfdXNlcl9iYWNrZW5kIjoiZGphbmdvLmNvbnRyaWIuYXV0aC5iYWNrZW5kcy5Nb2RlbEJhY2tlbmQiLCJfYXV0aF91c2VyX2hhc2giOiJmOTRmNDAxOWQyNThlMzk5NTNkZGEwY2YwYTE3NmU3ODJiMTkzYWM2In0=", "expire_date": "2020-06-24T09:28:20.257Z"}}, {"model": "sessions.session", "pk": "7i0uk1ypbvwnbs9jo3gyvoqrim74z511", "fields": {"session_data": "NDFlOGQ4OWM0NzBkOGVmY2FiNjk3MTlkNGNlMGQ5ODE3Yzg0N2Q0ZTp7Il9hdXRoX3VzZXJfaWQiOiIxIiwiX2F1dGhfdXNlcl9iYWNrZW5kIjoiZGphbmdvLmNvbnRyaWIuYXV0aC5iYWNrZW5kcy5Nb2RlbEJhY2tlbmQiLCJfYXV0aF91c2VyX2hhc2giOiJmYjI1YzIxYzMxMDhlYWFmMGZhNDE2MGY1OWRjMTc2NDJlODNkMWRmIn0=", "expire_date": "2020-06-23T16:07:26.658Z"}}, {"model": "sessions.session", "pk": "7ssre0gzk09ic28wx3owtk7mz1gsut5a", "fields": {"session_data": "NDFlOGQ4OWM0NzBkOGVmY2FiNjk3MTlkNGNlMGQ5ODE3Yzg0N2Q0ZTp7Il9hdXRoX3VzZXJfaWQiOiIxIiwiX2F1dGhfdXNlcl9iYWNrZW5kIjoiZGphbmdvLmNvbnRyaWIuYXV0aC5iYWNrZW5kcy5Nb2RlbEJhY2tlbmQiLCJfYXV0aF91c2VyX2hhc2giOiJmYjI1YzIxYzMxMDhlYWFmMGZhNDE2MGY1OWRjMTc2NDJlODNkMWRmIn0=", "expire_date": "2020-06-24T00:37:16.260Z"}}, {"model": "sessions.session", "pk": "86x6u3clyusjqumyqej4bapie45ajj70", "fields": {"session_data": "NDFlOGQ4OWM0NzBkOGVmY2FiNjk3MTlkNGNlMGQ5ODE3Yzg0N2Q0ZTp7Il9hdXRoX3VzZXJfaWQiOiIxIiwiX2F1dGhfdXNlcl9iYWNrZW5kIjoiZGphbmdvLmNvbnRyaWIuYXV0aC5iYWNrZW5kcy5Nb2RlbEJhY2tlbmQiLCJfYXV0aF91c2VyX2hhc2giOiJmYjI1YzIxYzMxMDhlYWFmMGZhNDE2MGY1OWRjMTc2NDJlODNkMWRmIn0=", "expire_date": "2020-06-23T17:04:50.522Z"}}, {"model": "sessions.session", "pk": "8g25cn5cn2jmhg90ch42wyo26zc8ltyu", "fields": {"session_data": "MWViZTA3NjkwMTE5NjFlZjkxMjgxZGE2MTJmNzY4YjM2NDlkMjM2Zjp7Il9hdXRoX3VzZXJfaWQiOiI5IiwiX2F1dGhfdXNlcl9iYWNrZW5kIjoiZGphbmdvLmNvbnRyaWIuYXV0aC5iYWNrZW5kcy5Nb2RlbEJhY2tlbmQiLCJfYXV0aF91c2VyX2hhc2giOiI5ZTk2ODA1MGYwY2ZjYWQ3ZDAwYWE0YWZiOGFkNjc0OTc4YzBlZWY3In0=", "expire_date": "2020-06-24T15:14:35.004Z"}}, {"model": "sessions.session", "pk": "b8jhmksgo66gyvb3ei3wx0ojhqcsd82w", "fields": {"session_data": "NDFlOGQ4OWM0NzBkOGVmY2FiNjk3MTlkNGNlMGQ5ODE3Yzg0N2Q0ZTp7Il9hdXRoX3VzZXJfaWQiOiIxIiwiX2F1dGhfdXNlcl9iYWNrZW5kIjoiZGphbmdvLmNvbnRyaWIuYXV0aC5iYWNrZW5kcy5Nb2RlbEJhY2tlbmQiLCJfYXV0aF91c2VyX2hhc2giOiJmYjI1YzIxYzMxMDhlYWFmMGZhNDE2MGY1OWRjMTc2NDJlODNkMWRmIn0=", "expire_date": "2020-06-21T10:32:04.019Z"}}, {"model": "sessions.session", "pk": "d8yynhkpzu5o5cq30hmx34bdlrg29nq4", "fields": {"session_data": "NDFlOGQ4OWM0NzBkOGVmY2FiNjk3MTlkNGNlMGQ5ODE3Yzg0N2Q0ZTp7Il9hdXRoX3VzZXJfaWQiOiIxIiwiX2F1dGhfdXNlcl9iYWNrZW5kIjoiZGphbmdvLmNvbnRyaWIuYXV0aC5iYWNrZW5kcy5Nb2RlbEJhY2tlbmQiLCJfYXV0aF91c2VyX2hhc2giOiJmYjI1YzIxYzMxMDhlYWFmMGZhNDE2MGY1OWRjMTc2NDJlODNkMWRmIn0=", "expire_date": "2020-06-23T23:59:12.085Z"}}, {"model": "sessions.session", "pk": "dk2582baqerc9sstah7smcqgb1it7ohe", "fields": {"session_data": "NDFlOGQ4OWM0NzBkOGVmY2FiNjk3MTlkNGNlMGQ5ODE3Yzg0N2Q0ZTp7Il9hdXRoX3VzZXJfaWQiOiIxIiwiX2F1dGhfdXNlcl9iYWNrZW5kIjoiZGphbmdvLmNvbnRyaWIuYXV0aC5iYWNrZW5kcy5Nb2RlbEJhY2tlbmQiLCJfYXV0aF91c2VyX2hhc2giOiJmYjI1YzIxYzMxMDhlYWFmMGZhNDE2MGY1OWRjMTc2NDJlODNkMWRmIn0=", "expire_date": "2020-06-24T05:30:38.555Z"}}, {"model": "sessions.session", "pk": "e9p5gl9j98dnsat05g9e7tj1r2l1mdy3", "fields": {"session_data": "NDFlOGQ4OWM0NzBkOGVmY2FiNjk3MTlkNGNlMGQ5ODE3Yzg0N2Q0ZTp7Il9hdXRoX3VzZXJfaWQiOiIxIiwiX2F1dGhfdXNlcl9iYWNrZW5kIjoiZGphbmdvLmNvbnRyaWIuYXV0aC5iYWNrZW5kcy5Nb2RlbEJhY2tlbmQiLCJfYXV0aF91c2VyX2hhc2giOiJmYjI1YzIxYzMxMDhlYWFmMGZhNDE2MGY1OWRjMTc2NDJlODNkMWRmIn0=", "expire_date": "2020-06-21T15:32:27.568Z"}}, {"model": "sessions.session", "pk": "ft3pzfn2la6516s0bs67d9iuhjtpcaer", "fields": {"session_data": "NDFlOGQ4OWM0NzBkOGVmY2FiNjk3MTlkNGNlMGQ5ODE3Yzg0N2Q0ZTp7Il9hdXRoX3VzZXJfaWQiOiIxIiwiX2F1dGhfdXNlcl9iYWNrZW5kIjoiZGphbmdvLmNvbnRyaWIuYXV0aC5iYWNrZW5kcy5Nb2RlbEJhY2tlbmQiLCJfYXV0aF91c2VyX2hhc2giOiJmYjI1YzIxYzMxMDhlYWFmMGZhNDE2MGY1OWRjMTc2NDJlODNkMWRmIn0=", "expire_date": "2020-06-24T16:32:43.199Z"}}, {"model": "sessions.session", "pk": "fzlimuue76savxu1328ntouktb21hwdx", "fields": {"session_data": "NTk2ZDk0MzNiNDM1OWI1MjhmMzhhNTEyOTZkZTQ5YzE3YzkyNjMxNzp7Il9hdXRoX3VzZXJfaWQiOiI3IiwiX2F1dGhfdXNlcl9iYWNrZW5kIjoiZGphbmdvLmNvbnRyaWIuYXV0aC5iYWNrZW5kcy5Nb2RlbEJhY2tlbmQiLCJfYXV0aF91c2VyX2hhc2giOiIyZDBiNGM5YjU3YTRiNGQwZDU2MmIwMmIyYTNkM2MwNTliNjA5NTQzIn0=", "expire_date": "2020-06-24T09:45:16.534Z"}}, {"model": "sessions.session", "pk": "g7s0e99wiah8bjwvqm91blr80l1ya7gn", "fields": {"session_data": "NDFlOGQ4OWM0NzBkOGVmY2FiNjk3MTlkNGNlMGQ5ODE3Yzg0N2Q0ZTp7Il9hdXRoX3VzZXJfaWQiOiIxIiwiX2F1dGhfdXNlcl9iYWNrZW5kIjoiZGphbmdvLmNvbnRyaWIuYXV0aC5iYWNrZW5kcy5Nb2RlbEJhY2tlbmQiLCJfYXV0aF91c2VyX2hhc2giOiJmYjI1YzIxYzMxMDhlYWFmMGZhNDE2MGY1OWRjMTc2NDJlODNkMWRmIn0=", "expire_date": "2020-06-25T04:13:43.181Z"}}, {"model": "sessions.session", "pk": "gty1oj7h73w8gckr9anfk2fym6kfihbm", "fields": {"session_data": "NDFlOGQ4OWM0NzBkOGVmY2FiNjk3MTlkNGNlMGQ5ODE3Yzg0N2Q0ZTp7Il9hdXRoX3VzZXJfaWQiOiIxIiwiX2F1dGhfdXNlcl9iYWNrZW5kIjoiZGphbmdvLmNvbnRyaWIuYXV0aC5iYWNrZW5kcy5Nb2RlbEJhY2tlbmQiLCJfYXV0aF91c2VyX2hhc2giOiJmYjI1YzIxYzMxMDhlYWFmMGZhNDE2MGY1OWRjMTc2NDJlODNkMWRmIn0=", "expire_date": "2020-06-24T08:07:59.626Z"}}, {"model": "sessions.session", "pk": "hz0tyyx23sbkis9o49prlls0btwbbkl8", "fields": {"session_data": "NTk2ZDk0MzNiNDM1OWI1MjhmMzhhNTEyOTZkZTQ5YzE3YzkyNjMxNzp7Il9hdXRoX3VzZXJfaWQiOiI3IiwiX2F1dGhfdXNlcl9iYWNrZW5kIjoiZGphbmdvLmNvbnRyaWIuYXV0aC5iYWNrZW5kcy5Nb2RlbEJhY2tlbmQiLCJfYXV0aF91c2VyX2hhc2giOiIyZDBiNGM5YjU3YTRiNGQwZDU2MmIwMmIyYTNkM2MwNTliNjA5NTQzIn0=", "expire_date": "2020-06-24T10:02:05.708Z"}}, {"model": "sessions.session", "pk": "q5jgy2zdclboj15ddkf1py3hiijom6v7", "fields": {"session_data": "MzRjNDgyOGEwNDY2NGQyOGM4MzkyMDZhNThlM2NlMGZlNzQ3Nzk1Yzp7fQ==", "expire_date": "2020-06-23T23:27:26.180Z"}}, {"model": "sessions.session", "pk": "rpjinl9sdlyvt1okpvpbyit4wqljf8pk", "fields": {"session_data": "NDFlOGQ4OWM0NzBkOGVmY2FiNjk3MTlkNGNlMGQ5ODE3Yzg0N2Q0ZTp7Il9hdXRoX3VzZXJfaWQiOiIxIiwiX2F1dGhfdXNlcl9iYWNrZW5kIjoiZGphbmdvLmNvbnRyaWIuYXV0aC5iYWNrZW5kcy5Nb2RlbEJhY2tlbmQiLCJfYXV0aF91c2VyX2hhc2giOiJmYjI1YzIxYzMxMDhlYWFmMGZhNDE2MGY1OWRjMTc2NDJlODNkMWRmIn0=", "expire_date": "2020-06-23T14:54:26.067Z"}}, {"model": "sessions.session", "pk": "rtb7a7paa78fsljmbqz51aw0yk5op4s3", "fields": {"session_data": "NTk2ZDk0MzNiNDM1OWI1MjhmMzhhNTEyOTZkZTQ5YzE3YzkyNjMxNzp7Il9hdXRoX3VzZXJfaWQiOiI3IiwiX2F1dGhfdXNlcl9iYWNrZW5kIjoiZGphbmdvLmNvbnRyaWIuYXV0aC5iYWNrZW5kcy5Nb2RlbEJhY2tlbmQiLCJfYXV0aF91c2VyX2hhc2giOiIyZDBiNGM5YjU3YTRiNGQwZDU2MmIwMmIyYTNkM2MwNTliNjA5NTQzIn0=", "expire_date": "2020-06-24T16:42:49.597Z"}}, {"model": "sessions.session", "pk": "ssl6pj8u2n6f7j5fxsa0wqv18hohc7z0", "fields": {"session_data": "NDFlOGQ4OWM0NzBkOGVmY2FiNjk3MTlkNGNlMGQ5ODE3Yzg0N2Q0ZTp7Il9hdXRoX3VzZXJfaWQiOiIxIiwiX2F1dGhfdXNlcl9iYWNrZW5kIjoiZGphbmdvLmNvbnRyaWIuYXV0aC5iYWNrZW5kcy5Nb2RlbEJhY2tlbmQiLCJfYXV0aF91c2VyX2hhc2giOiJmYjI1YzIxYzMxMDhlYWFmMGZhNDE2MGY1OWRjMTc2NDJlODNkMWRmIn0=", "expire_date": "2020-07-29T04:09:35.918Z"}}, {"model": "sessions.session", "pk": "vezlzu6hbpfv48c13qe35vwpeic1avuk", "fields": {"session_data": "NDFlN2E0ZjAyNjRjY2IxZWMxY2Q2Zjk2YzM4MWRiYjhlZjBhMDE0Nzp7Il9hdXRoX3VzZXJfaWQiOiIyIiwiX2F1dGhfdXNlcl9iYWNrZW5kIjoiZGphbmdvLmNvbnRyaWIuYXV0aC5iYWNrZW5kcy5Nb2RlbEJhY2tlbmQiLCJfYXV0aF91c2VyX2hhc2giOiI2ODMxMWY1NmNiYmIyMDk2OTM2ZTRkMDRmZTFiNjcwNzEyOGM4MzYyIn0=", "expire_date": "2020-07-18T12:05:39.093Z"}}, {"model": "sessions.session", "pk": "vqwt4n5iee7ompglzahlg8cm6u3un0m6", "fields": {"session_data": "NDFlOGQ4OWM0NzBkOGVmY2FiNjk3MTlkNGNlMGQ5ODE3Yzg0N2Q0ZTp7Il9hdXRoX3VzZXJfaWQiOiIxIiwiX2F1dGhfdXNlcl9iYWNrZW5kIjoiZGphbmdvLmNvbnRyaWIuYXV0aC5iYWNrZW5kcy5Nb2RlbEJhY2tlbmQiLCJfYXV0aF91c2VyX2hhc2giOiJmYjI1YzIxYzMxMDhlYWFmMGZhNDE2MGY1OWRjMTc2NDJlODNkMWRmIn0=", "expire_date": "2020-06-24T03:12:18.743Z"}}, {"model": "sessions.session", "pk": "vusxgixuld5n3gjc2f3v933tn8k0lp2r", "fields": {"session_data": "NDFlOGQ4OWM0NzBkOGVmY2FiNjk3MTlkNGNlMGQ5ODE3Yzg0N2Q0ZTp7Il9hdXRoX3VzZXJfaWQiOiIxIiwiX2F1dGhfdXNlcl9iYWNrZW5kIjoiZGphbmdvLmNvbnRyaWIuYXV0aC5iYWNrZW5kcy5Nb2RlbEJhY2tlbmQiLCJfYXV0aF91c2VyX2hhc2giOiJmYjI1YzIxYzMxMDhlYWFmMGZhNDE2MGY1OWRjMTc2NDJlODNkMWRmIn0=", "expire_date": "2020-06-24T01:59:04.244Z"}}, {"model": "sessions.session", "pk": "wdy9danqbtu2n3n1jncogqsi21gl6e2o", "fields": {"session_data": "NTk2ZDk0MzNiNDM1OWI1MjhmMzhhNTEyOTZkZTQ5YzE3YzkyNjMxNzp7Il9hdXRoX3VzZXJfaWQiOiI3IiwiX2F1dGhfdXNlcl9iYWNrZW5kIjoiZGphbmdvLmNvbnRyaWIuYXV0aC5iYWNrZW5kcy5Nb2RlbEJhY2tlbmQiLCJfYXV0aF91c2VyX2hhc2giOiIyZDBiNGM5YjU3YTRiNGQwZDU2MmIwMmIyYTNkM2MwNTliNjA5NTQzIn0=", "expire_date": "2020-06-24T16:39:24.945Z"}}, {"model": "sessions.session", "pk": "wqmrax81q3zighffqkjgadwmm6qr1l05", "fields": {"session_data": "NDFlOGQ4OWM0NzBkOGVmY2FiNjk3MTlkNGNlMGQ5ODE3Yzg0N2Q0ZTp7Il9hdXRoX3VzZXJfaWQiOiIxIiwiX2F1dGhfdXNlcl9iYWNrZW5kIjoiZGphbmdvLmNvbnRyaWIuYXV0aC5iYWNrZW5kcy5Nb2RlbEJhY2tlbmQiLCJfYXV0aF91c2VyX2hhc2giOiJmYjI1YzIxYzMxMDhlYWFmMGZhNDE2MGY1OWRjMTc2NDJlODNkMWRmIn0=", "expire_date": "2020-07-31T00:54:12.119Z"}}, {"model": "sessions.session", "pk": "wwzr74hq60c4nd05a2t8yyity1xh7f37", "fields": {"session_data": "ZGFkOWM3NjRkMTNjYjUzYTU1ZGM0YmIwNmJjM2I2ZGUyMDk2NzcwNDp7Il9hdXRoX3VzZXJfaWQiOiIzIiwiX2F1dGhfdXNlcl9iYWNrZW5kIjoiZGphbmdvLmNvbnRyaWIuYXV0aC5iYWNrZW5kcy5Nb2RlbEJhY2tlbmQiLCJfYXV0aF91c2VyX2hhc2giOiIyMTNmNTA1YTI2MjJhOTUxNmI4NTM2YTAwNzNmMGZiNDIxMzAwNzk2In0=", "expire_date": "2020-06-24T03:56:43.700Z"}}, {"model": "sessions.session", "pk": "zc4800b0nricqj72o2ker6qy685ppbso", "fields": {"session_data": "NDFlN2E0ZjAyNjRjY2IxZWMxY2Q2Zjk2YzM4MWRiYjhlZjBhMDE0Nzp7Il9hdXRoX3VzZXJfaWQiOiIyIiwiX2F1dGhfdXNlcl9iYWNrZW5kIjoiZGphbmdvLmNvbnRyaWIuYXV0aC5iYWNrZW5kcy5Nb2RlbEJhY2tlbmQiLCJfYXV0aF91c2VyX2hhc2giOiI2ODMxMWY1NmNiYmIyMDk2OTM2ZTRkMDRmZTFiNjcwNzEyOGM4MzYyIn0=", "expire_date": "2020-06-24T04:01:24.191Z"}}, {"model": "apps.appname", "pk": 1, "fields": {"app_href": "/", "app_name": "\u6b22\u8fce\u754c\u9762"}}, {"model": "apps.appname", "pk": 2, "fields": {"app_href": "/rt", "app_name": "\u7ba1\u7406\u5165\u53e3"}}, {"model": "apps.appname", "pk": 3, "fields": {"app_href": "/app/3", "app_name": "\u5173\u4e8e\u672c\u7ad9"}}, {"model": "apps.appname", "pk": 4, "fields": {"app_href": "/app/4", "app_name": "\u7248\u6743\u7533\u660e"}}, {"model": "apps.appname", "pk": 5, "fields": {"app_href": "/app/5", "app_name": "\u9879\u76ee\u4ecb\u7ecd"}}, {"model": "apps.appname", "pk": 6, "fields": {"app_href": "/app/6", "app_name": "\u73af\u5883\u8d44\u6599"}}, {"model": "apps.appname", "pk": 7, "fields": {"app_href": "/app/7", "app_name": "\u98ce\u666f\u58c1\u7eb8"}}, {"model": "apps.appname", "pk": 8, "fields": {"app_href": "/app/8", "app_name": "\u540d\u80dc\u666f\u533a"}}, {"model": "apps.appname", "pk": 9, "fields": {"app_href": "/app/9", "app_name": "\u653b\u7565\u4e2d\u5fc3"}}, {"model": "apps.appname", "pk": 10, "fields": {"app_href": "/app/10", "app_name": "\u73af\u4fdd\u8bfe\u5802"}}, {"model": "apps.appname", "pk": 11, "fields": {"app_href": "https://foter.com/", "app_name": "\u7d20\u6750\u5e93"}}, {"model": "apps.appname", "pk": 12, "fields": {"app_href": "/app/12", "app_name": "\u4e0b\u8f7d\u4e13\u533a"}}, {"model": "apps.appname", "pk": 13, "fields": {"app_href": "/app/13", "app_name": "\u7eff\u821f\u6587\u5316"}}, {"model": "apps.appname", "pk": 14, "fields": {"app_href": "/app/14", "app_name": "\u53e4\u8001 | \u4f20\u627f"}}, {"model": "apps.appname", "pk": 15, "fields": {"app_href": "/app/15", "app_name": "\u73af\u4fdd\u5730\u56fe"}}, {"model": "apps.appname", "pk": 16, "fields": {"app_href": "/app/16", "app_name": "\u7eff\u821f\u5546\u57ce"}}, {"model": "apps.appname", "pk": 17, "fields": {"app_href": "/app/17", "app_name": "\u6211\u7684\u793e\u533a"}}, {"model": "apps.appname", "pk": 18, "fields": {"app_href": "/blog", "app_name": "\u7eff\u821f\u535a\u5ba2"}}, {"model": "apps.appname", "pk": 19, "fields": {"app_href": "/app/19", "app_name": "\u73af\u4fdd\u7ade\u8d5b"}}, {"model": "apps.appname", "pk": 20, "fields": {"app_href": "/app/20", "app_name": "\u4f5c\u8005\u5165\u9a7b"}}, {"model": "apps.appname", "pk": 21, "fields": {"app_href": "/app/21", "app_name": "\u5fae\u4fe1\u516c\u4f17\u53f7"}}, {"model": "apps.appname", "pk": 22, "fields": {"app_href": "/app/22", "app_name": "\u5fae\u4fe1\u5c0f\u7a0b\u5e8f"}}, {"model": "apps.appname", "pk": 23, "fields": {"app_href": "/app/23", "app_name": "QQ\u5927\u5bb6\u65cf"}}, {"model": "apps.appname", "pk": 24, "fields": {"app_href": "/app/24", "app_name": "\u7eff\u821f\u5fae\u535a"}}, {"model": "blog.blogtype", "pk": 1, "fields": {"type_name": "\u6587\u7ae0"}}, {"model": "blog.blogtype", "pk": 2, "fields": {"type_name": "\u968f\u7b14"}}, {"model": "blog.blogsource", "pk": 1, "fields": {"source": "\u539f\u521b", "sour_url": "http://ursky.qicp.vip/"}}, {"model": "blog.blogsource", "pk": 2, "fields": {"source": "\u8f6c\u8f7d", "sour_url": "\u7f51\u7edc"}}, {"model": "blog.readnum", "pk": 1, "fields": {"read_num": 6, "blog": 6}}, {"model": "blog.readnum", "pk": 2, "fields": {"read_num": 3, "blog": 1}}, {"model": "auth.permission", "pk": 1, "fields": {"name": "Can add log entry", "content_type": 1, "codename": "add_logentry"}}, {"model": "auth.permission", "pk": 2, "fields": {"name": "Can change log entry", "content_type": 1, "codename": "change_logentry"}}, {"model": "auth.permission", "pk": 3, "fields": {"name": "Can delete log entry", "content_type": 1, "codename": "delete_logentry"}}, {"model": "auth.permission", "pk": 4, "fields": {"name": "Can view log entry", "content_type": 1, "codename": "view_logentry"}}, {"model": "auth.permission", "pk": 5, "fields": {"name": "Can add permission", "content_type": 2, "codename": "add_permission"}}, {"model": "auth.permission", "pk": 6, "fields": {"name": "Can change permission", "content_type": 2, "codename": "change_permission"}}, {"model": "auth.permission", "pk": 7, "fields": {"name": "Can delete permission", "content_type": 2, "codename": "delete_permission"}}, {"model": "auth.permission", "pk": 8, "fields": {"name": "Can view permission", "content_type": 2, "codename": "view_permission"}}, {"model": "auth.permission", "pk": 9, "fields": {"name": "Can add group", "content_type": 3, "codename": "add_group"}}, {"model": "auth.permission", "pk": 10, "fields": {"name": "Can change group", "content_type": 3, "codename": "change_group"}}, {"model": "auth.permission", "pk": 11, "fields": {"name": "Can delete group", "content_type": 3, "codename": "delete_group"}}, {"model": "auth.permission", "pk": 12, "fields": {"name": "Can view group", "content_type": 3, "codename": "view_group"}}, {"model": "auth.permission", "pk": 13, "fields": {"name": "Can add user", "content_type": 4, "codename": "add_user"}}, {"model": "auth.permission", "pk": 14, "fields": {"name": "Can change user", "content_type": 4, "codename": "change_user"}}, {"model": "auth.permission", "pk": 15, "fields": {"name": "Can delete user", "content_type": 4, "codename": "delete_user"}}, {"model": "auth.permission", "pk": 16, "fields": {"name": "Can view user", "content_type": 4, "codename": "view_user"}}, {"model": "auth.permission", "pk": 17, "fields": {"name": "Can add content type", "content_type": 5, "codename": "add_contenttype"}}, {"model": "auth.permission", "pk": 18, "fields": {"name": "Can change content type", "content_type": 5, "codename": "change_contenttype"}}, {"model": "auth.permission", "pk": 19, "fields": {"name": "Can delete content type", "content_type": 5, "codename": "delete_contenttype"}}, {"model": "auth.permission", "pk": 20, "fields": {"name": "Can view content type", "content_type": 5, "codename": "view_contenttype"}}, {"model": "auth.permission", "pk": 21, "fields": {"name": "Can add session", "content_type": 6, "codename": "add_session"}}, {"model": "auth.permission", "pk": 22, "fields": {"name": "Can change session", "content_type": 6, "codename": "change_session"}}, {"model": "auth.permission", "pk": 23, "fields": {"name": "Can delete session", "content_type": 6, "codename": "delete_session"}}, {"model": "auth.permission", "pk": 24, "fields": {"name": "Can view session", "content_type": 6, "codename": "view_session"}}, {"model": "auth.permission", "pk": 25, "fields": {"name": "Can add app name", "content_type": 7, "codename": "add_appname"}}, {"model": "auth.permission", "pk": 26, "fields": {"name": "Can change app name", "content_type": 7, "codename": "change_appname"}}, {"model": "auth.permission", "pk": 27, "fields": {"name": "Can delete app name", "content_type": 7, "codename": "delete_appname"}}, {"model": "auth.permission", "pk": 28, "fields": {"name": "Can view app name", "content_type": 7, "codename": "view_appname"}}, {"model": "auth.permission", "pk": 29, "fields": {"name": "Can add blog", "content_type": 8, "codename": "add_blog"}}, {"model": "auth.permission", "pk": 30, "fields": {"name": "Can change blog", "content_type": 8, "codename": "change_blog"}}, {"model": "auth.permission", "pk": 31, "fields": {"name": "Can delete blog", "content_type": 8, "codename": "delete_blog"}}, {"model": "auth.permission", "pk": 32, "fields": {"name": "Can view blog", "content_type": 8, "codename": "view_blog"}}, {"model": "auth.permission", "pk": 33, "fields": {"name": "Can add blog source", "content_type": 9, "codename": "add_blogsource"}}, {"model": "auth.permission", "pk": 34, "fields": {"name": "Can change blog source", "content_type": 9, "codename": "change_blogsource"}}, {"model": "auth.permission", "pk": 35, "fields": {"name": "Can delete blog source", "content_type": 9, "codename": "delete_blogsource"}}, {"model": "auth.permission", "pk": 36, "fields": {"name": "Can view blog source", "content_type": 9, "codename": "view_blogsource"}}, {"model": "auth.permission", "pk": 37, "fields": {"name": "Can add blog type", "content_type": 10, "codename": "add_blogtype"}}, {"model": "auth.permission", "pk": 38, "fields": {"name": "Can change blog type", "content_type": 10, "codename": "change_blogtype"}}, {"model": "auth.permission", "pk": 39, "fields": {"name": "Can delete blog type", "content_type": 10, "codename": "delete_blogtype"}}, {"model": "auth.permission", "pk": 40, "fields": {"name": "Can view blog type", "content_type": 10, "codename": "view_blogtype"}}, {"model": "auth.permission", "pk": 41, "fields": {"name": "Can add comment", "content_type": 11, "codename": "add_comment"}}, {"model": "auth.permission", "pk": 42, "fields": {"name": "Can change comment", "content_type": 11, "codename": "change_comment"}}, {"model": "auth.permission", "pk": 43, "fields": {"name": "Can delete comment", "content_type": 11, "codename": "delete_comment"}}, {"model": "auth.permission", "pk": 44, "fields": {"name": "Can view comment", "content_type": 11, "codename": "view_comment"}}, {"model": "auth.permission", "pk": 45, "fields": {"name": "Can add read_ num", "content_type": 12, "codename": "add_read_num"}}, {"model": "auth.permission", "pk": 46, "fields": {"name": "Can change read_ num", "content_type": 12, "codename": "change_read_num"}}, {"model": "auth.permission", "pk": 47, "fields": {"name": "Can delete read_ num", "content_type": 12, "codename": "delete_read_num"}}, {"model": "auth.permission", "pk": 48, "fields": {"name": "Can view read_ num", "content_type": 12, "codename": "view_read_num"}}, {"model": "auth.permission", "pk": 49, "fields": {"name": "Can add read num", "content_type": 12, "codename": "add_readnum"}}, {"model": "auth.permission", "pk": 50, "fields": {"name": "Can change read num", "content_type": 12, "codename": "change_readnum"}}, {"model": "auth.permission", "pk": 51, "fields": {"name": "Can delete read num", "content_type": 12, "codename": "delete_readnum"}}, {"model": "auth.permission", "pk": 52, "fields": {"name": "Can view read num", "content_type": 12, "codename": "view_readnum"}}, {"model": "auth.group", "pk": 1, "fields": {"name": "\u6e38\u5ba2", "permissions": [29, 32]}}, {"model": "auth.group", "pk": 2, "fields": {"name": "\u7ba1\u7406", "permissions": [26, 28, 16, 29, 32, 37, 41, 44]}}, {"model": "auth.user", "pk": 1, "fields": {"password": "pbkdf2_sha256$120000$R7sMyZc0BLkH$wkoANvVwcXHEykuEXZHs37H8HvWqwbFyoDUGBSLjqhk=", "last_login": "2020-07-21T01:34:01.595Z", "is_superuser": true, "username": "\u821f\u821f", "first_name": "\u66e6", "last_name": "\u9633", "email": "to.yx@fox.mail", "is_staff": true, "is_active": true, "date_joined": "2020-06-07T08:34:00Z", "groups": [], "user_permissions": []}}, {"model": "auth.user", "pk": 4, "fields": {"password": "pbkdf2_sha256$120000$DJWyXpBZXrpt$T+KzAgjHHWr0lwQOdO/OAxIYeJ2eVFtA+5NQB8TPP5g=", "last_login": null, "is_superuser": false, "username": "\u4ed8\u5316\u9e4f", "first_name": "", "last_name": "", "email": "", "is_staff": true, "is_active": true, "date_joined": "2020-06-10T02:54:00Z", "groups": [], "user_permissions": [25, 26, 28, 12, 16, 29, 30, 32, 33, 34, 36, 37, 38, 40, 41, 42, 44, 17, 18, 20]}}, {"model": "auth.user", "pk": 9, "fields": {"password": "pbkdf2_sha256$120000$zXXZRpE2aoyc$xqVYiQZdK4/jLUDJghRKg7+SUfATZhA3dscORWlT8eg=", "last_login": "2020-06-10T15:14:00Z", "is_superuser": false, "username": "\u8096\u9ad8\u6b23", "first_name": "", "last_name": "", "email": "3445205125@qq.com", "is_staff": false, "is_active": true, "date_joined": "2020-06-10T15:14:00Z", "groups": [1], "user_permissions": []}}, {"model": "auth.user", "pk": 11, "fields": {"password": "pbkdf2_sha256$120000$jVi7SygnZTh3$m2qUvqqldzLZzdKd9mO72Skj78HN+5dqnCMg0qnfy1g=", "last_login": "2020-07-15T03:53:41.292Z", "is_superuser": false, "username": "\u7f18\u513f", "first_name": "\u7f18", "last_name": "\u6709", "email": "to.yxx@foxmail.com", "is_staff": false, "is_active": true, "date_joined": "2020-07-11T04:00:00Z", "groups": [1], "user_permissions": []}}, {"model": "auth.user", "pk": 12, "fields": {"password": "pbkdf2_sha256$120000$nk0IQosf7KQz$wReiwKZSmWtpuyiMgbWhckWdAn2qRd/n9+MzPuKhXnE=", "last_login": "2020-07-11T06:45:18.017Z", "is_superuser": false, "username": "2222", "first_name": "333", "last_name": "222", "email": "to.y1x@fox.mail", "is_staff": false, "is_active": true, "date_joined": "2020-07-11T06:45:17.581Z", "groups": [1], "user_permissions": []}}, {"model": "blog.blog", "pk": 1, "fields": {"title": "\u7f18\u8d77\u7eff\u821f", "content": "<p><img alt=\"\" src=\"/media/upload/2020/06/10/favicon_Fn3UfES.ico\" style=\"height:256px; width:256px\" /></p>\r\n\r\n<p>\u9879\u76ee\u613f\u666f\uff1a\u56fd\u5185\u9996\u4e2a\u4f20\u64ad\u73af\u4fdd\u7406\u5ff5\uff0c\u5173\u6ce8\u4e2a\u4eba\u73af\u4fdd\u7684\u65b0\u578b\u73af\u4fdd\u793e\u4ea4\u5e73\u53f0</p>\r\n\r\n<p>\u9879\u76ee\u5185\u5bb9\uff1a\u7528\u6237\u53ef\u5728\u5e73\u53f0\u4e2d\u53d1\u5e03\u5783\u573e\u827a\u672f\u7167\uff0c\u5206\u4eab\u81ea\u5df1\u5728\u65e5\u5e38\u751f\u6d3b\u4e2d\u8df5\u884c\u73af\u4fdd\u7684\u884c\u52a8\uff0c\u5e9f\u7269\u5229\u7528\u7684\u65b9\u6cd5\u7b49\uff0c\u540c\u65f6\u5e73\u53f0\u4e2d\u8bbe\u7acb\u591a\u9879\u73af\u4fdd\u76f8\u5173\u529f\u80fd\uff0c\u4e3a\u70ed\u5fc3\u73af\u4fdd\uff0c\u5173\u5fc3\u73af\u4fdd\uff0c\u529b\u884c\u73af\u4fdd\u7684\u4eba\u58eb\u6253\u9020\u4e00\u4e2a\u4e13\u4eab\u7684\u5e73\u53f0\u3002</p>\r\n\r\n<p>\u9879\u76ee\u89e3\u51b3\u7684\u75db\u70b9\uff1a &ldquo;\u4e92\u8054\u7f51+\u73af\u4fdd&rdquo;\u9879\u76ee\u642d\u5efa\u73af\u4fdd\u4ea4\u6d41\u5e73\u53f0\uff0c\u89e3\u51b3\u56fd\u5185\u73af\u4fdd\u5e73\u53f0\u7684\u7a7a\u767d\uff0c\u516c\u6c11\u6709\u73af\u4fdd\u4e4b\u5fc3\u800c\u65e0\u793e\u4f1a\u63a8\u52a8\u529b\u7684\u793e\u4f1a\u75db\u70b9\uff0c\u540c\u65f6\u8d77\u5230\u4f20\u64ad\u73af\u4fdd\u7406\u5ff5\u5e76\u4fdd\u62a4\u81ea\u7136\u7684\u4f5c\u7528\u3002</p>", "blog_type": 1, "source": 1, "create_time": "2020-06-07T15:33:00Z", "last_updated_time": "2020-07-21T01:47:26.112Z", "author": 1, "is_deleted": false}}, {"model": "blog.blog", "pk": 2, "fields": {"title": "\u5b88\u62a4\u71d5\u8d75\u5927\u5730\u7684\u7eff\u8272\u4e0e\u73af\u4fdd", "content": "<p><img alt=\"\" src=\"/media/upload/2020/06/10/favicon.ico\" style=\"height:256px; width:256px\" /></p>\r\n\r\n<p>&nbsp; &nbsp; &nbsp; &nbsp; &nbsp;\u73af\u5883\u4fdd\u62a4\u3001\u751f\u6001\u5e73\u8861\u65e0\u7591\u662f\u5f53\u4eca\u793e\u4f1a\u6700\u5173\u6ce8\u7684\u70ed\u70b9\u8bdd\u9898\u3002\u4f4e\u78b3\u884c\u52a8\u3001\u5fe7\u60a3\u610f\u8bc6\u65e0\u7591\u662f\u4eba\u7c7b\u5fc5\u987b\u9762\u5bf9\u7684\u6b63\u786e\u9009\u62e9\u3002 \u3000</p>\r\n\r\n<p>\u3000&nbsp; &nbsp; &nbsp;2011\u5e7412\u670828\u65e5\uff0c\u6cb3\u5317\u7701\u73af\u4fdd\u8054\u5408\u4f1a\u53ec\u5f00\u4e862011\u5e74\u5e74\u4f1a\u3002\u4f1a\u4e0a\uff0c\u9648\u6167\u4f1a\u957f\u3001\u7701\u73af\u4fdd\u5385\u526f\u5385\u957f\u6768\u667a\u660e\u505a\u4e86\u91cd\u8981\u8bb2\u8bdd\uff1b\u5e38\u52a1\u526f\u79d8\u4e66\u957f\u738b\u8d24\u5f3a\u505a\u4e86\u603b\u7ed3\u8bb2\u8bdd\uff1b\u4f1a\u8bae\u7531\u6cb3\u5317\u7701\u73af\u4fdd\u8054\u5408\u4f1a\u526f\u4f1a\u957f\u517c\u79d8\u4e66\u957f\u795d\u6653\u5149\u4e3b\u6301\u3002\u5206\u522b\u4e3e\u529e\u4e86\u6cb3\u5317\u7701\u7eff\u8272\u91d1\u878d\u7814\u8ba8\u4f1a\u3001\u6cb3\u5317\u7701\u73af\u4fdd\u516c\u4f17\u53c2\u4e0e\u7814\u8ba8\u4f1a\uff0c\u4e13\u5bb6\u5b66\u8005\u548c\u57fa\u5c42\u5b9e\u8df5\u8005\u53d1\u8868\u4e86\u771f\u77e5\u707c\u89c1\uff0c\u8fd9\u6b21\u91cd\u8981\u7684\u4f1a\u8bae\u5f00\u5f97\u5706\u6ee1\u6210\u529f\uff0c\u5230\u573a\u7684100\u4f59\u540d\u91d1\u878d\u4fe1\u8d37\u90e8\u95e8\u3001\u4e13\u5bb6\u5b66\u8005\u3001\u65b0\u95fb\u5a92\u4f53\u3001\u9ad8\u6821\u793e\u56e2NGO\u4ee3\u8868\u548c\u73af\u4fdd\u5de5\u4f5c\u8005\u53d7\u76ca\u532a\u6d45\u3002\u4f4e\u78b3\u4e0e\u5fe7\u60a3\uff0c\u5c31\u662f\u8fd9\u6b21\u4f1a\u8bae\u5e26\u7ed9\u6211\u7684\u5f3a\u70c8\u4fe1\u53f7\u3002</p>\r\n\r\n<p>\u3000\u3000&ldquo;\u73af\u5883\u662f\u4eba\u7c7b\u7684\u751f\u5b58\u4e4b\u672c&rdquo;\u3002\u5728\u6211\u56fd\uff0c\u52a0\u5f3a\u751f\u6001\u6587\u660e\u5efa\u8bbe\u6b63\u5728\u6210\u4e3a\u5171\u8bc6\u3002\u5b9e\u73b0\u5bf9\u81ea\u7136\u8d44\u6e90\u7684\u6c38\u7eed\u5229\u7528\uff0c\u8981\u6c42\u6211\u4eec\u7262\u56fa\u6811\u7acb&ldquo;\u4e0d\u4ee5\u727a\u7272\u73af\u5883\u4e3a\u4ee3\u4ef7\u6362\u53d6\u4e00\u65f6\u4e00\u5730\u7684\u53d1\u5c55\u548c\u7e41\u8363\uff0c\u4e0d\u5355\u7eaf\u8ffd\u6c42\u7ecf\u6d4e\u589e\u957f\u65e0\u89c6\u8d44\u6e90\u73af\u5883\u7684\u74f6\u9888\u7ea6\u675f&rdquo;\u7684\u53d1\u5c55\u7406\u5ff5\uff0c\u79ef\u6781\u63a2\u7d22\u8d70\u51fa\u4e00\u6761\u4ee3\u4ef7\u5c0f\u3001\u6548\u76ca\u597d\u3001\u6392\u653e\u4f4e\u3001\u53ef\u6301\u7eed\u7684\u73af\u4fdd\u65b0\u9053\u8def\u3002\u8fd1\u4e9b\u5e74\uff0c\u6cb3\u5317\u73af\u4fdd\u8054\u5408\u4f1a\u65e8\u5728\u6784\u5efa\u6c11\u95f4\u73af\u4fdd\u7ec4\u7ec7\u548c\u73af\u4fdd\u5fd7\u613f\u8005\u4e0e\u653f\u5e9c\u6c9f\u901a\u7684\u6865\u6881\u3002\u4e3a\u914d\u5408\u73af\u4fdd\u4e2d\u5fc3\u5de5\u4f5c\uff0c\u8425\u9020\u6d53\u539a\u7684\u516c\u4f17\u53c2\u4e0e\u6c1b\u56f4\uff0c\u7ec4\u7ec7\u548c\u5f00\u5c55\u4e86\u6cb3\u5317\u7eff\u8272\u91d1\u878d\u8bba\u575b\u3001\u73af\u5883\u4e0e\u5065\u5eb7\u8bba\u575b\u3001\u73af\u5883\u6743\u76ca\u8bba\u575b\u3001\u5730\u7403\u4e00\u5c0f\u65f6\u7184\u706f\u6d3b\u52a8\u7b49\u4e00\u7cfb\u5217\u516c\u76ca\u6d3b\u52a8\uff0c\u5145\u5206\u53d1\u6325\u4e86\u6cb3\u5317\u73af\u4fdd\u8054\u5408\u4f1a\u7684\u6865\u6881\u7ebd\u5e26\u4f5c\u7528\u3001\u56e2\u7ed3\u51dd\u805a\u4f5c\u7528\u3001\u76d1\u7763\u7ef4\u6743\u4f5c\u7528\u3001\u5ba3\u4f20\u5f15\u5bfc\u4f5c\u7528\u548c\u54a8\u8be2\u670d\u52a1\u4f5c\u7528\uff0c\u4e3a\u73af\u5883\u4fdd\u62a4\u516c\u4f17\u53c2\u4e0e\u6ce8\u5165\u4e86\u65b0\u7684\u6d3b\u529b\u3002</p>\r\n\r\n<p>\u3000\u3000\u5e74\u4f1a\u6d8c\u52a8\u7740\u9635\u9635\u6696\u6d41\u3002\u9488\u5bf9\u73af\u5883\u95ee\u9898\u7684\u65e5\u76ca\u4e25\u91cd\uff0c\u4eba\u4eec\u73af\u4fdd\u610f\u8bc6\u4e5f\u9010\u6e10\u589e\u5f3a\u3002\u4e00\u6279\u6279\u7eff\u8272\u73af\u4fdd\u793e\u56e2\u548c\u9aa8\u5e72\u529b\u91cf\u5982\u96e8\u540e\u6625\u7b0b\u84ec\u52c3\u53d1\u5c55\u3002\u4e0a\u4e16\u7eaa90\u5e74\u4ee3\u672b\uff0c\u6cb3\u5317\u7ecf\u8d38\u5927\u5b66\u5f20\u5fe0\u6c11\u6559\u6388\u53d1\u8d77\u4e86\u5168\u7701\u7b2c\u4e00\u4e2a\u6c11\u95f4\u73af\u4fdd\u7ec4\u7ec7----&ldquo;\u7eff\u8272\u77e5\u97f3&rdquo;\uff0c\u65e8\u5728\u4ece\u4e8b\u73af\u4fdd\u6559\u80b2\uff0c\u4fe1\u606f\u4ea4\u6d41\uff0c\u516c\u4f17\u610f\u8bc6\u7684\u63d0\u9ad8\uff0c\u4ee5\u53ca\u53c2\u4e0e\u53ef\u6301\u7eed\u53d1\u5c55\u793a\u8303\u9879\u76ee\u7b49\uff0c\u7b79\u8d44\u4e3e\u529e\u4e86\u4e24\u5c4a&ldquo;\u5730\u7403\u7684\u5973\u513f&rdquo;\u8bc4\u9009\u8868\u5f70\u6d3b\u52a8\uff0c\u4ee5\u9f13\u52b1\u66f4\u591a\u7684\u8bb0\u8005\u5173\u6ce8\u73af\u5883\u95ee\u9898\uff1b\u4e3e\u529e\u4e86\u4e24\u671f&ldquo;\u6cb3\u5317\u7701\u8bb0\u8005\u73af\u5883\u4fdd\u62a4\u5ba3\u4f20\u80fd\u529b\u7814\u8ba8\u4f1a\uff1b2009\u5e7410\u6708\u81f3\u4eca\uff0c&ldquo;\u7eff\u8272\u77e5\u97f3&rdquo;\u5728\u77f3\u5bb6\u5e84\u53c2\u4e0e\u53d1\u8d77\u7ec4\u7ec7\u4e866\u6b21&ldquo;\u57ce\u5e02\u4e50\u6c34\u884c&rdquo;\u6d3b\u52a8\uff0c\u901a\u8fc7\u6cbf\u7740\u6cb3\u5cb8\u3001\u6e7f\u5730\u7b49\u6c34\u8fb9\u5f92\u6b65\u884c\u8d70\u7684\u65b9\u5f0f\uff0c\u5ba3\u4f20\u4fdd\u62a4\u6c34\u8d44\u6e90\uff0c\u6ce8\u91cd\u7eff\u8272\u73af\u4fdd\u3002\u6cb3\u5317\u5e08\u5927\u8d44\u6e90\u4e0e\u73af\u5883\u79d1\u5b66\u5b66\u9662\u7684\u5b66\u751f\uff0c\u7ed3\u5408\u81ea\u8eab\u4e13\u4e1a\uff0c\u4e8e2003\u5e74\u6210\u7acb\u4e86\u7eff\u8272\u65b9\u821f\u73af\u4fdd\u534f\u4f1a\u3002\u534f\u4f1a\u591a\u540d\u6210\u5458\u5c31\u5728\u6821\u56ed\u5185\u5f00\u5c55\u8282\u6c34\u5ba3\u4f20\u3001\u8c03\u67e5\u6d3b\u52a8\uff0c\u6574\u7406\u7f16\u5199\u51fa\u300a\u8282\u6c34\u578b\u9ad8\u6821\u5efa\u8bbe\u7684\u8c03\u67e5\u7814\u7a76\u300b\u62a5\u544a\uff0c\u5b8c\u5584\u4e86\u6821\u56ed\u7684\u8282\u6c34\u7cfb\u7edf\uff1b2008\u5e74\uff0c&ldquo;\u7eff\u8272\u65b9\u821f&rdquo;\u73af\u4fdd\u534f\u4f1a\u83b7\u5168\u56fd\u9752\u5c11\u5e74\u751f\u6001\u73af\u4fdd\u793e\u56e2\u9879\u76ee\u8d44\u52a9\u30024\u6708\uff0c\u534f\u4f1a\u8054\u5408\u7701\u73af\u4fdd\u5c40\u3001\u73af\u4fdd\u8054\u5408\u4f1a\u53ca\u5176\u4ed6\u9ad8\u6821\u5f00\u5c55&ldquo;\u62d2\u7edd\u767d\u8272\u6c61\u67d3\uff0c\u5171\u5efa\u5b9c\u5c45\u751f\u6001\u5bb6\u56ed&rdquo;\u3001&ldquo;\u9650\u5236\u4f7f\u7528\u5851\u6599\u888b&rdquo;\u7b49\u7cfb\u5217\u6d3b\u52a8\u53d6\u5f97\u6210\u6548\uff1b2009\u5e749\u6708\uff0c\u5728\u592a\u5e73\u6cb3\u7ffc\u4e4b\u5149\u5854\u4e0b\uff0c\u7eff\u8272\u65b9\u821f21\u4eba\u53c2\u4e0e\u521b\u5efa\u77f3\u5bb6\u5e84\u4fdd\u62a4\u6e7f\u5730\u5fd7\u613f\u8005\u8054\u76df\uff0c\u547c\u5401\u8ba9\u6e7f\u5730\u53d7\u5230\u66f4\u591a\u7684\u5173\u6ce8\u4e0e\u4fdd\u62a4\u3002\u4f5c\u4e3a\u53d7\u9080\u5355\u4f4d\uff0c\u6cb3\u5317\u5de5\u4e1a\u804c\u4e1a\u6280\u672f\u5b66\u9662\u7eff\u8272\u4e4b\u53cb\u534f\u4f1a\u5e08\u751f\u53c2\u52a0\u4e86\u672c\u6b21\u5e74\u4f1a\uff0c\u5e76\u5728&ldquo;\u6cb3\u5317\u73af\u4fdd\u516c\u4f17\u53c2\u4e0e\u7814\u8ba8\u4f1a&rdquo;\u4e2d\uff0c\u5c31\u5982\u4f55\u63a8\u52a8\u516c\u4f17\u53c2\u4e0e\u3001\u73af\u5883\u7ef4\u6743\u7b49\u65b9\u9762\u548c\u4e0e\u4f1a\u4ee3\u8868\u8fdb\u884c\u4e86\u63a2\u8ba8\u3002\u8fd1\u5e74\u6765\uff0c\u8be5\u9662\u7eff\u8272\u4e4b\u53cb\u534f\u4f1a\u79ef\u6781\u53c2\u4e0e\u6cb3\u5317\u73af\u4fdd\u8054\u5408...</p>", "blog_type": 1, "source": 2, "create_time": "2020-06-10T03:57:00Z", "last_updated_time": "2020-07-21T01:46:07.266Z", "author": 1, "is_deleted": false}}, {"model": "blog.blog", "pk": 3, "fields": {"title": "\u6211\u513f\u7684\u8da3\u4e8b", "content": "yangxi\u725b\u903c", "blog_type": 1, "source": 1, "create_time": "2020-06-10T15:30:00Z", "last_updated_time": "2020-07-21T02:00:52.092Z", "author": 9, "is_deleted": false}}, {"model": "blog.blog", "pk": 4, "fields": {"title": "2", "content": "<p><img alt=\"indecision\" src=\"http://ursky.qicp.vip/static/ckeditor/ckeditor/plugins/smiley/images/whatchutalkingabout_smile.png\" style=\"height:23px; width:23px\" title=\"indecision\" /></p>", "blog_type": 2, "source": 1, "create_time": "2020-06-11T04:19:00Z", "last_updated_time": "2020-06-11T04:19:22.773Z", "author": 1, "is_deleted": false}}, {"model": "blog.blog", "pk": 5, "fields": {"title": "cmd1", "content": "cmd1", "blog_type": 1, "source": 1, "create_time": "2020-07-14T15:48:50.060Z", "last_updated_time": "2020-07-21T02:06:05.351Z", "author": 1, "is_deleted": false}}, {"model": "blog.blog", "pk": 6, "fields": {"title": "\u8fd9\u662f\u6d4b\u8bd5\u6240\u5199\u7684\u7b2c0\u7bc7\u6587\u7ae0", "content": "", "blog_type": 1, "source": 1, "create_time": "2020-07-14T15:53:31.166Z", "last_updated_time": "2020-07-14T15:53:31.166Z", "author": 1, "is_deleted": false}}, {"model": "blog.blog", "pk": 7, "fields": {"title": "\u8fd9\u662f\u6d4b\u8bd5\u6240\u5199\u7684\u7b2c1\u7bc7\u6587\u7ae0", "content": "", "blog_type": 1, "source": 1, "create_time": "2020-07-14T15:53:31.222Z", "last_updated_time": "2020-07-14T15:53:31.222Z", "author": 1, "is_deleted": false}}, {"model": "blog.blog", "pk": 8, "fields": {"title": "\u8fd9\u662f\u6d4b\u8bd5\u6240\u5199\u7684\u7b2c2\u7bc7\u6587\u7ae0", "content": "", "blog_type": 1, "source": 1, "create_time": "2020-07-14T15:53:31.232Z", "last_updated_time": "2020-07-14T15:53:31.233Z", "author": 1, "is_deleted": false}}, {"model": "blog.blog", "pk": 9, "fields": {"title": "\u8fd9\u662f\u6d4b\u8bd5\u6240\u5199\u7684\u7b2c3\u7bc7\u6587\u7ae0", "content": "", "blog_type": 1, "source": 1, "create_time": "2020-07-14T15:53:31.242Z", "last_updated_time": "2020-07-14T15:53:31.243Z", "author": 1, "is_deleted": false}}, {"model": "blog.blog", "pk": 10, "fields": {"title": "\u8fd9\u662f\u6d4b\u8bd5\u6240\u5199\u7684\u7b2c4\u7bc7\u6587\u7ae0", "content": "", "blog_type": 1, "source": 1, "create_time": "2020-07-14T15:53:31.252Z", "last_updated_time": "2020-07-14T15:53:31.253Z", "author": 1, "is_deleted": false}}, {"model": "blog.blog", "pk": 11, "fields": {"title": "\u8fd9\u662f\u6d4b\u8bd5\u6240\u5199\u7684\u7b2c5\u7bc7\u6587\u7ae0", "content": "", "blog_type": 1, "source": 1, "create_time": "2020-07-14T15:53:31.262Z", "last_updated_time": "2020-07-14T15:53:31.263Z", "author": 1, "is_deleted": false}}, {"model": "blog.blog", "pk": 12, "fields": {"title": "\u8fd9\u662f\u6d4b\u8bd5\u6240\u5199\u7684\u7b2c6\u7bc7\u6587\u7ae0", "content": "", "blog_type": 1, "source": 1, "create_time": "2020-07-14T15:53:31.271Z", "last_updated_time": "2020-07-14T15:53:31.272Z", "author": 1, "is_deleted": false}}, {"model": "blog.blog", "pk": 13, "fields": {"title": "\u8fd9\u662f\u6d4b\u8bd5\u6240\u5199\u7684\u7b2c7\u7bc7\u6587\u7ae0", "content": "", "blog_type": 1, "source": 1, "create_time": "2020-07-14T15:53:31.282Z", "last_updated_time": "2020-07-14T15:53:31.283Z", "author": 1, "is_deleted": false}}, {"model": "blog.blog", "pk": 14, "fields": {"title": "\u8fd9\u662f\u6d4b\u8bd5\u6240\u5199\u7684\u7b2c8\u7bc7\u6587\u7ae0", "content": "", "blog_type": 1, "source": 1, "create_time": "2020-07-14T15:53:31.292Z", "last_updated_time": "2020-07-14T15:53:31.293Z", "author": 1, "is_deleted": false}}, {"model": "blog.blog", "pk": 15, "fields": {"title": "\u8fd9\u662f\u6d4b\u8bd5\u6240\u5199\u7684\u7b2c9\u7bc7\u6587\u7ae0", "content": "", "blog_type": 1, "source": 1, "create_time": "2020-07-14T15:53:31.303Z", "last_updated_time": "2020-07-14T15:53:31.304Z", "author": 1, "is_deleted": false}}, {"model": "blog.blog", "pk": 16, "fields": {"title": "\u8fd9\u662f\u6d4b\u8bd5\u6240\u5199\u7684\u7b2c10\u7bc7\u6587\u7ae0", "content": "", "blog_type": 1, "source": 1, "create_time": "2020-07-14T15:53:31.314Z", "last_updated_time": "2020-07-14T15:53:31.315Z", "author": 1, "is_deleted": false}}, {"model": "blog.blog", "pk": 17, "fields": {"title": "\u8fd9\u662f\u6d4b\u8bd5\u6240\u5199\u7684\u7b2c11\u7bc7\u6587\u7ae0", "content": "", "blog_type": 1, "source": 1, "create_time": "2020-07-14T15:53:31.325Z", "last_updated_time": "2020-07-14T15:53:31.325Z", "author": 1, "is_deleted": false}}, {"model": "blog.blog", "pk": 18, "fields": {"title": "\u8fd9\u662f\u6d4b\u8bd5\u6240\u5199\u7684\u7b2c12\u7bc7\u6587\u7ae0", "content": "", "blog_type": 1, "source": 1, "create_time": "2020-07-14T15:53:31.336Z", "last_updated_time": "2020-07-14T15:53:31.336Z", "author": 1, "is_deleted": false}}, {"model": "blog.blog", "pk": 19, "fields": {"title": "\u8fd9\u662f\u6d4b\u8bd5\u6240\u5199\u7684\u7b2c13\u7bc7\u6587\u7ae0", "content": "", "blog_type": 1, "source": 1, "create_time": "2020-07-14T15:53:31.346Z", "last_updated_time": "2020-07-14T15:53:31.347Z", "author": 1, "is_deleted": false}}, {"model": "blog.blog", "pk": 20, "fields": {"title": "\u8fd9\u662f\u6d4b\u8bd5\u6240\u5199\u7684\u7b2c14\u7bc7\u6587\u7ae0", "content": "", "blog_type": 1, "source": 1, "create_time": "2020-07-14T15:53:31.356Z", "last_updated_time": "2020-07-14T15:53:31.356Z", "author": 1, "is_deleted": false}}, {"model": "blog.blog", "pk": 21, "fields": {"title": "\u8fd9\u662f\u6d4b\u8bd5\u6240\u5199\u7684\u7b2c15\u7bc7\u6587\u7ae0", "content": "", "blog_type": 1, "source": 1, "create_time": "2020-07-14T15:53:31.366Z", "last_updated_time": "2020-07-14T15:53:31.366Z", "author": 1, "is_deleted": false}}, {"model": "blog.blog", "pk": 22, "fields": {"title": "\u8fd9\u662f\u6d4b\u8bd5\u6240\u5199\u7684\u7b2c16\u7bc7\u6587\u7ae0", "content": "", "blog_type": 1, "source": 1, "create_time": "2020-07-14T15:53:31.375Z", "last_updated_time": "2020-07-14T15:53:31.376Z", "author": 1, "is_deleted": false}}, {"model": "blog.blog", "pk": 23, "fields": {"title": "\u8fd9\u662f\u6d4b\u8bd5\u6240\u5199\u7684\u7b2c17\u7bc7\u6587\u7ae0", "content": "", "blog_type": 1, "source": 1, "create_time": "2020-07-14T15:53:31.385Z", "last_updated_time": "2020-07-14T15:53:31.386Z", "author": 1, "is_deleted": false}}, {"model": "blog.blog", "pk": 24, "fields": {"title": "\u8fd9\u662f\u6d4b\u8bd5\u6240\u5199\u7684\u7b2c18\u7bc7\u6587\u7ae0", "content": "", "blog_type": 1, "source": 1, "create_time": "2020-07-14T15:53:31.395Z", "last_updated_time": "2020-07-14T15:53:31.396Z", "author": 1, "is_deleted": false}}, {"model": "blog.blog", "pk": 25, "fields": {"title": "\u8fd9\u662f\u6d4b\u8bd5\u6240\u5199\u7684\u7b2c19\u7bc7\u6587\u7ae0", "content": "", "blog_type": 1, "source": 1, "create_time": "2020-07-14T15:53:31.405Z", "last_updated_time": "2020-07-14T15:53:31.406Z", "author": 1, "is_deleted": false}}, {"model": "blog.blog", "pk": 26, "fields": {"title": "\u8fd9\u662f\u6d4b\u8bd5\u6240\u5199\u7684\u7b2c20\u7bc7\u6587\u7ae0", "content": "", "blog_type": 1, "source": 1, "create_time": "2020-07-14T15:53:31.416Z", "last_updated_time": "2020-07-14T15:53:31.417Z", "author": 1, "is_deleted": false}}, {"model": "blog.blog", "pk": 27, "fields": {"title": "\u8fd9\u662f\u6d4b\u8bd5\u6240\u5199\u7684\u7b2c21\u7bc7\u6587\u7ae0", "content": "", "blog_type": 1, "source": 1, "create_time": "2020-07-14T15:53:31.426Z", "last_updated_time": "2020-07-14T15:53:31.427Z", "author": 1, "is_deleted": false}}, {"model": "blog.blog", "pk": 28, "fields": {"title": "\u8fd9\u662f\u6d4b\u8bd5\u6240\u5199\u7684\u7b2c22\u7bc7\u6587\u7ae0", "content": "", "blog_type": 1, "source": 1, "create_time": "2020-07-14T15:53:31.436Z", "last_updated_time": "2020-07-14T15:53:31.437Z", "author": 1, "is_deleted": false}}, {"model": "blog.blog", "pk": 29, "fields": {"title": "\u8fd9\u662f\u6d4b\u8bd5\u6240\u5199\u7684\u7b2c23\u7bc7\u6587\u7ae0", "content": "", "blog_type": 1, "source": 1, "create_time": "2020-07-14T15:53:31.446Z", "last_updated_time": "2020-07-14T15:53:31.447Z", "author": 1, "is_deleted": false}}, {"model": "blog.blog", "pk": 30, "fields": {"title": "\u8fd9\u662f\u6d4b\u8bd5\u6240\u5199\u7684\u7b2c24\u7bc7\u6587\u7ae0", "content": "", "blog_type": 1, "source": 1, "create_time": "2020-07-14T15:53:31.456Z", "last_updated_time": "2020-07-14T15:53:31.457Z", "author": 1, "is_deleted": false}}, {"model": "comment.comment", "pk": 6, "fields": {"content_type": 8, "object_id": 1, "text": "\u52a0\u6cb9\uff0c\u5965\u91cc\u7ed9", "comment_time": "2020-06-10T02:09:40.706Z", "author": 1}}, {"model": "comment.comment", "pk": 8, "fields": {"content_type": 8, "object_id": 2, "text": "\u4fdd\u62a4\u73af\u5883\uff0c\u4eba\u4eba\u6709\u8d23", "comment_time": "2020-06-10T04:12:11.749Z", "author": 1}}, {"model": "comment.comment", "pk": 9, "fields": {"content_type": 8, "object_id": 2, "text": "666", "comment_time": "2020-06-10T08:12:28.273Z", "author": 1}}, {"model": "comment.comment", "pk": 10, "fields": {"content_type": 8, "object_id": 1, "text": "\u725b\u903c", "comment_time": "2020-06-10T15:16:08.341Z", "author": 1}}, {"model": "comment.comment", "pk": 11, "fields": {"content_type": 8, "object_id": 3, "text": "\u53bb\u4f60\u5417\uff01\uff01\uff01\u7238\u7238\u5728\u6b64", "comment_time": "2020-06-10T15:31:24.233Z", "author": 1}}, {"model": "comment.comment", "pk": 12, "fields": {"content_type": 8, "object_id": 3, "text": "\u4f5c\u8005\u90fd\u4e0d\u6539\uff1f", "comment_time": "2020-06-10T15:33:36.375Z", "author": 1}}, {"model": "comment.comment", "pk": 17, "fields": {"content_type": 8, "object_id": 1, "text": "\u54df\u897f", "comment_time": "2020-07-11T06:23:27.184Z", "author": 2}}, {"model": "admin.logentry", "pk": 1, "fields": {"action_time": "2020-06-07T08:35:39.237Z", "user": 1, "content_type": 7, "object_id": "1", "object_repr": "\u7ba1\u7406\u5165\u53e3", "action_flag": 1, "change_message": "[{\"added\": {}}]"}}, {"model": "admin.logentry", "pk": 2, "fields": {"action_time": "2020-06-07T08:44:14.084Z", "user": 1, "content_type": 7, "object_id": "1", "object_repr": "\u7eff\u821f\u9996\u9875", "action_flag": 2, "change_message": "[{\"changed\": {\"fields\": [\"app_href\", \"app_name\"]}}]"}}, {"model": "admin.logentry", "pk": 3, "fields": {"action_time": "2020-06-07T08:45:06.272Z", "user": 1, "content_type": 7, "object_id": "2", "object_repr": "\u7ba1\u7406\u5165\u53e3", "action_flag": 1, "change_message": "[{\"added\": {}}]"}}, {"model": "admin.logentry", "pk": 4, "fields": {"action_time": "2020-06-07T08:45:53.765Z", "user": 1, "content_type": 7, "object_id": "3", "object_repr": "\u5173\u4e8e\u672c\u7ad9", "action_flag": 1, "change_message": "[{\"added\": {}}]"}}, {"model": "admin.logentry", "pk": 5, "fields": {"action_time": "2020-06-07T08:46:04.598Z", "user": 1, "content_type": 7, "object_id": "4", "object_repr": "\u5173\u4e8e\u7248\u6743", "action_flag": 1, "change_message": "[{\"added\": {}}]"}}, {"model": "admin.logentry", "pk": 6, "fields": {"action_time": "2020-06-07T09:06:13.007Z", "user": 1, "content_type": 7, "object_id": "3", "object_repr": "\u5173\u4e8e\u672c\u7ad9", "action_flag": 2, "change_message": "[{\"changed\": {\"fields\": [\"app_href\"]}}]"}}, {"model": "admin.logentry", "pk": 7, "fields": {"action_time": "2020-06-07T09:06:18.768Z", "user": 1, "content_type": 7, "object_id": "4", "object_repr": "\u5173\u4e8e\u7248\u6743", "action_flag": 2, "change_message": "[{\"changed\": {\"fields\": [\"app_href\"]}}]"}}, {"model": "admin.logentry", "pk": 8, "fields": {"action_time": "2020-06-07T09:07:07.279Z", "user": 1, "content_type": 7, "object_id": "5", "object_repr": "\u9879\u76ee\u4ecb\u7ecd", "action_flag": 1, "change_message": "[{\"added\": {}}]"}}, {"model": "admin.logentry", "pk": 9, "fields": {"action_time": "2020-06-07T09:07:21.017Z", "user": 1, "content_type": 7, "object_id": "5", "object_repr": "\u9879\u76ee\u4ecb\u7ecd", "action_flag": 2, "change_message": "[{\"changed\": {\"fields\": [\"app_href\"]}}]"}}, {"model": "admin.logentry", "pk": 10, "fields": {"action_time": "2020-06-07T09:09:04.018Z", "user": 1, "content_type": 7, "object_id": "6", "object_repr": "\u73af\u5883\u8d44\u6599", "action_flag": 1, "change_message": "[{\"added\": {}}]"}}, {"model": "admin.logentry", "pk": 11, "fields": {"action_time": "2020-06-07T09:09:12.922Z", "user": 1, "content_type": 7, "object_id": "6", "object_repr": "\u73af\u5883\u8d44\u6599", "action_flag": 2, "change_message": "[{\"changed\": {\"fields\": [\"app_href\"]}}]"}}, {"model": "admin.logentry", "pk": 12, "fields": {"action_time": "2020-06-07T09:10:32.364Z", "user": 1, "content_type": 7, "object_id": "7", "object_repr": "\u98ce\u666f\u58c1\u7eb8", "action_flag": 1, "change_message": "[{\"added\": {}}]"}}, {"model": "admin.logentry", "pk": 13, "fields": {"action_time": "2020-06-07T09:11:27.292Z", "user": 1, "content_type": 7, "object_id": "8", "object_repr": "\u540d\u80dc\u666f\u533a", "action_flag": 1, "change_message": "[{\"added\": {}}]"}}, {"model": "admin.logentry", "pk": 14, "fields": {"action_time": "2020-06-07T09:12:09.326Z", "user": 1, "content_type": 7, "object_id": "9", "object_repr": "\u653b\u7565\u4e2d\u5fc3", "action_flag": 1, "change_message": "[{\"added\": {}}]"}}, {"model": "admin.logentry", "pk": 15, "fields": {"action_time": "2020-06-07T09:15:10.545Z", "user": 1, "content_type": 7, "object_id": "10", "object_repr": "\u7eff\u821f\u535a\u5ba2", "action_flag": 1, "change_message": "[{\"added\": {}}]"}}, {"model": "admin.logentry", "pk": 16, "fields": {"action_time": "2020-06-07T10:33:17.801Z", "user": 1, "content_type": 7, "object_id": "11", "object_repr": "\u7d20\u6750\u5e93", "action_flag": 1, "change_message": "[{\"added\": {}}]"}}, {"model": "admin.logentry", "pk": 17, "fields": {"action_time": "2020-06-07T10:34:12.406Z", "user": 1, "content_type": 7, "object_id": "10", "object_repr": "\u73af\u4fdd\u8bfe\u5802", "action_flag": 2, "change_message": "[{\"changed\": {\"fields\": [\"app_href\", \"app_name\"]}}]"}}, {"model": "admin.logentry", "pk": 18, "fields": {"action_time": "2020-06-07T10:35:36.475Z", "user": 1, "content_type": 7, "object_id": "12", "object_repr": "\u89c6\u9891\u4e2d\u5fc3", "action_flag": 1, "change_message": "[{\"added\": {}}]"}}, {"model": "admin.logentry", "pk": 19, "fields": {"action_time": "2020-06-07T10:35:47.695Z", "user": 1, "content_type": 7, "object_id": "13", "object_repr": "\u7eff\u821f\u535a\u5ba2", "action_flag": 1, "change_message": "[{\"added\": {}}]"}}, {"model": "admin.logentry", "pk": 20, "fields": {"action_time": "2020-06-07T10:36:58.289Z", "user": 1, "content_type": 7, "object_id": "13", "object_repr": "\u7eff\u821f\u6587\u5316", "action_flag": 2, "change_message": "[{\"changed\": {\"fields\": [\"app_href\", \"app_name\"]}}]"}}, {"model": "admin.logentry", "pk": 21, "fields": {"action_time": "2020-06-07T10:38:10.147Z", "user": 1, "content_type": 7, "object_id": "14", "object_repr": "\u53e4\u8001 | \u4f20\u627f", "action_flag": 1, "change_message": "[{\"added\": {}}]"}}, {"model": "admin.logentry", "pk": 22, "fields": {"action_time": "2020-06-07T10:39:08.809Z", "user": 1, "content_type": 7, "object_id": "15", "object_repr": "&nbsp\uff1b", "action_flag": 1, "change_message": "[{\"added\": {}}]"}}, {"model": "admin.logentry", "pk": 23, "fields": {"action_time": "2020-06-07T10:39:39.759Z", "user": 1, "content_type": 7, "object_id": "15", "object_repr": "\u5f85\u5b9a", "action_flag": 2, "change_message": "[{\"changed\": {\"fields\": [\"app_name\"]}}]"}}, {"model": "admin.logentry", "pk": 24, "fields": {"action_time": "2020-06-07T10:40:06.764Z", "user": 1, "content_type": 7, "object_id": "16", "object_repr": "\u5f85\u5b9a", "action_flag": 1, "change_message": "[{\"added\": {}}]"}}, {"model": "admin.logentry", "pk": 25, "fields": {"action_time": "2020-06-07T10:41:26.931Z", "user": 1, "content_type": 7, "object_id": "17", "object_repr": "\u6211\u7684\u793e\u533a", "action_flag": 1, "change_message": "[{\"added\": {}}]"}}, {"model": "admin.logentry", "pk": 26, "fields": {"action_time": "2020-06-07T10:41:40.150Z", "user": 1, "content_type": 7, "object_id": "18", "object_repr": "\u7eff\u821f\u535a\u5ba2", "action_flag": 1, "change_message": "[{\"added\": {}}]"}}, {"model": "admin.logentry", "pk": 27, "fields": {"action_time": "2020-06-07T10:41:55.463Z", "user": 1, "content_type": 7, "object_id": "19", "object_repr": "\u5f85\u5b9a", "action_flag": 1, "change_message": "[{\"added\": {}}]"}}, {"model": "admin.logentry", "pk": 28, "fields": {"action_time": "2020-06-07T10:42:56.122Z", "user": 1, "content_type": 7, "object_id": "15", "object_repr": "\u73af\u4fdd\u5730\u56fe", "action_flag": 2, "change_message": "[{\"changed\": {\"fields\": [\"app_name\"]}}]"}}, {"model": "admin.logentry", "pk": 29, "fields": {"action_time": "2020-06-07T10:43:26.864Z", "user": 1, "content_type": 7, "object_id": "20", "object_repr": "\u5f85\u5b9a", "action_flag": 1, "change_message": "[{\"added\": {}}]"}}, {"model": "admin.logentry", "pk": 30, "fields": {"action_time": "2020-06-07T10:43:48.357Z", "user": 1, "content_type": 7, "object_id": "21", "object_repr": "\u5fae\u4fe1\u516c\u4f17\u53f7", "action_flag": 1, "change_message": "[{\"added\": {}}]"}}, {"model": "admin.logentry", "pk": 31, "fields": {"action_time": "2020-06-07T10:44:01.844Z", "user": 1, "content_type": 7, "object_id": "22", "object_repr": "\u5fae\u4fe1\u5c0f\u7a0b\u5e8f", "action_flag": 1, "change_message": "[{\"added\": {}}]"}}, {"model": "admin.logentry", "pk": 32, "fields": {"action_time": "2020-06-07T10:44:29.885Z", "user": 1, "content_type": 7, "object_id": "23", "object_repr": "QQ\u5927\u5bb6\u65cf", "action_flag": 1, "change_message": "[{\"added\": {}}]"}}, {"model": "admin.logentry", "pk": 33, "fields": {"action_time": "2020-06-07T10:44:59.465Z", "user": 1, "content_type": 7, "object_id": "24", "object_repr": "\u7eff\u821f\u5fae\u535a", "action_flag": 1, "change_message": "[{\"added\": {}}]"}}, {"model": "admin.logentry", "pk": 34, "fields": {"action_time": "2020-06-07T10:45:32.372Z", "user": 1, "content_type": 7, "object_id": "16", "object_repr": "\u7eff\u821f\u5546\u57ce", "action_flag": 2, "change_message": "[{\"changed\": {\"fields\": [\"app_name\"]}}]"}}, {"model": "admin.logentry", "pk": 35, "fields": {"action_time": "2020-06-07T12:03:51.984Z", "user": 1, "content_type": 7, "object_id": "19", "object_repr": "\u73af\u4fdd\u7ade\u8d5b", "action_flag": 2, "change_message": "[{\"changed\": {\"fields\": [\"app_name\"]}}]"}}, {"model": "admin.logentry", "pk": 36, "fields": {"action_time": "2020-06-07T13:09:01.262Z", "user": 1, "content_type": 7, "object_id": "20", "object_repr": "\u4f5c\u8005\u5165\u9a7b", "action_flag": 2, "change_message": "[{\"changed\": {\"fields\": [\"app_name\"]}}]"}}, {"model": "admin.logentry", "pk": 37, "fields": {"action_time": "2020-06-07T15:33:44.266Z", "user": 1, "content_type": 10, "object_id": "1", "object_repr": "\u6587\u7ae0", "action_flag": 1, "change_message": "[{\"added\": {}}]"}}, {"model": "admin.logentry", "pk": 38, "fields": {"action_time": "2020-06-07T15:33:54.992Z", "user": 1, "content_type": 9, "object_id": "1", "object_repr": "\u539f\u521b", "action_flag": 1, "change_message": "[{\"added\": {}}]"}}, {"model": "admin.logentry", "pk": 39, "fields": {"action_time": "2020-06-07T15:33:59.336Z", "user": 1, "content_type": 8, "object_id": "1", "object_repr": "Blog:\u7f18\u8d77\u7eff\u821f", "action_flag": 1, "change_message": "[{\"added\": {}}]"}}, {"model": "admin.logentry", "pk": 40, "fields": {"action_time": "2020-06-10T01:32:14.774Z", "user": 1, "content_type": 11, "object_id": "2", "object_repr": "Comment object (2)", "action_flag": 3, "change_message": ""}}, {"model": "admin.logentry", "pk": 41, "fields": {"action_time": "2020-06-10T01:32:20.595Z", "user": 1, "content_type": 11, "object_id": "1", "object_repr": "Comment object (1)", "action_flag": 3, "change_message": ""}}, {"model": "admin.logentry", "pk": 42, "fields": {"action_time": "2020-06-10T02:07:25.115Z", "user": 1, "content_type": 11, "object_id": "5", "object_repr": "Comment object (5)", "action_flag": 3, "change_message": ""}}, {"model": "admin.logentry", "pk": 43, "fields": {"action_time": "2020-06-10T02:07:25.171Z", "user": 1, "content_type": 11, "object_id": "4", "object_repr": "Comment object (4)", "action_flag": 3, "change_message": ""}}, {"model": "admin.logentry", "pk": 44, "fields": {"action_time": "2020-06-10T02:07:25.180Z", "user": 1, "content_type": 11, "object_id": "3", "object_repr": "Comment object (3)", "action_flag": 3, "change_message": ""}}, {"model": "admin.logentry", "pk": 45, "fields": {"action_time": "2020-06-10T02:49:24.343Z", "user": 1, "content_type": 4, "object_id": "2", "object_repr": "\u8bb8\u5bb6\u4fca", "action_flag": 1, "change_message": "[{\"added\": {}}]"}}, {"model": "admin.logentry", "pk": 46, "fields": {"action_time": "2020-06-10T02:51:30.726Z", "user": 1, "content_type": 4, "object_id": "2", "object_repr": "\u8bb8\u5bb6\u4fca", "action_flag": 2, "change_message": "[{\"changed\": {\"fields\": [\"user_permissions\"]}}]"}}, {"model": "admin.logentry", "pk": 47, "fields": {"action_time": "2020-06-10T02:52:09.436Z", "user": 1, "content_type": 4, "object_id": "2", "object_repr": "\u8bb8\u5bb6\u4fca", "action_flag": 2, "change_message": "[{\"changed\": {\"fields\": [\"is_staff\"]}}]"}}, {"model": "admin.logentry", "pk": 48, "fields": {"action_time": "2020-06-10T02:52:45.731Z", "user": 1, "content_type": 4, "object_id": "3", "object_repr": "\u5f20\u5b50\u8c6a", "action_flag": 1, "change_message": "[{\"added\": {}}]"}}, {"model": "admin.logentry", "pk": 49, "fields": {"action_time": "2020-06-10T02:53:33.198Z", "user": 1, "content_type": 4, "object_id": "3", "object_repr": "\u5f20\u5b50\u8c6a", "action_flag": 2, "change_message": "[{\"changed\": {\"fields\": [\"is_staff\", \"user_permissions\"]}}]"}}, {"model": "admin.logentry", "pk": 50, "fields": {"action_time": "2020-06-10T02:54:53.114Z", "user": 1, "content_type": 4, "object_id": "4", "object_repr": "\u4ed8\u5316\u9e4f", "action_flag": 1, "change_message": "[{\"added\": {}}]"}}, {"model": "admin.logentry", "pk": 51, "fields": {"action_time": "2020-06-10T02:55:27.876Z", "user": 1, "content_type": 4, "object_id": "4", "object_repr": "\u4ed8\u5316\u9e4f", "action_flag": 2, "change_message": "[{\"changed\": {\"fields\": [\"is_staff\", \"user_permissions\"]}}]"}}, {"model": "admin.logentry", "pk": 52, "fields": {"action_time": "2020-06-10T02:56:17.357Z", "user": 1, "content_type": 4, "object_id": "5", "object_repr": "\u6b27\u9633\u96c5\u8389", "action_flag": 1, "change_message": "[{\"added\": {}}]"}}, {"model": "admin.logentry", "pk": 53, "fields": {"action_time": "2020-06-10T02:57:31.516Z", "user": 1, "content_type": 4, "object_id": "5", "object_repr": "\u6b27\u9633\u96c5\u8389", "action_flag": 2, "change_message": "[{\"changed\": {\"fields\": [\"is_staff\", \"user_permissions\"]}}]"}}, {"model": "admin.logentry", "pk": 54, "fields": {"action_time": "2020-06-10T02:58:26.746Z", "user": 1, "content_type": 4, "object_id": "6", "object_repr": "yooo", "action_flag": 1, "change_message": "[{\"added\": {}}]"}}, {"model": "admin.logentry", "pk": 55, "fields": {"action_time": "2020-06-10T03:00:12.834Z", "user": 1, "content_type": 4, "object_id": "6", "object_repr": "yooo", "action_flag": 2, "change_message": "[{\"changed\": {\"fields\": [\"is_staff\", \"user_permissions\"]}}]"}}, {"model": "admin.logentry", "pk": 56, "fields": {"action_time": "2020-06-10T03:00:49.191Z", "user": 1, "content_type": 4, "object_id": "2", "object_repr": "\u8bb8\u5bb6\u4fca", "action_flag": 2, "change_message": "[{\"changed\": {\"fields\": [\"user_permissions\"]}}]"}}, {"model": "admin.logentry", "pk": 57, "fields": {"action_time": "2020-06-10T03:01:25.580Z", "user": 1, "content_type": 4, "object_id": "5", "object_repr": "\u6b27\u9633\u96c5\u8389", "action_flag": 2, "change_message": "[{\"changed\": {\"fields\": [\"user_permissions\"]}}]"}}, {"model": "admin.logentry", "pk": 58, "fields": {"action_time": "2020-06-10T03:02:25.523Z", "user": 1, "content_type": 4, "object_id": "3", "object_repr": "\u5f20\u5b50\u8c6a", "action_flag": 2, "change_message": "[{\"changed\": {\"fields\": [\"user_permissions\"]}}]"}}, {"model": "admin.logentry", "pk": 59, "fields": {"action_time": "2020-06-10T03:02:52.726Z", "user": 1, "content_type": 4, "object_id": "4", "object_repr": "\u4ed8\u5316\u9e4f", "action_flag": 2, "change_message": "[{\"changed\": {\"fields\": [\"user_permissions\"]}}]"}}, {"model": "admin.logentry", "pk": 60, "fields": {"action_time": "2020-06-10T03:03:28.392Z", "user": 1, "content_type": 4, "object_id": "7", "object_repr": "\u9633\u66e6", "action_flag": 1, "change_message": "[{\"added\": {}}]"}}, {"model": "admin.logentry", "pk": 61, "fields": {"action_time": "2020-06-10T03:04:56.218Z", "user": 1, "content_type": 4, "object_id": "7", "object_repr": "\u9633\u66e6", "action_flag": 2, "change_message": "[{\"changed\": {\"fields\": [\"is_staff\", \"user_permissions\"]}}]"}}, {"model": "admin.logentry", "pk": 62, "fields": {"action_time": "2020-06-10T03:57:35.307Z", "user": 7, "content_type": 9, "object_id": "2", "object_repr": "\u8f6c\u8f7d", "action_flag": 1, "change_message": "[{\"added\": {}}]"}}, {"model": "admin.logentry", "pk": 63, "fields": {"action_time": "2020-06-10T03:57:46.019Z", "user": 7, "content_type": 8, "object_id": "2", "object_repr": "Blog:\u5b88\u62a4\u71d5\u8d75\u5927\u5730\u7684\u7eff\u8272\u4e0e\u73af\u4fdd", "action_flag": 1, "change_message": "[{\"added\": {}}]"}}, {"model": "admin.logentry", "pk": 64, "fields": {"action_time": "2020-06-10T04:47:55.816Z", "user": 1, "content_type": 8, "object_id": "2", "object_repr": "Blog:\u5b88\u62a4\u71d5\u8d75\u5927\u5730\u7684\u7eff\u8272\u4e0e\u73af\u4fdd", "action_flag": 2, "change_message": "[{\"changed\": {\"fields\": [\"content\"]}}]"}}, {"model": "admin.logentry", "pk": 65, "fields": {"action_time": "2020-06-10T05:02:35.437Z", "user": 1, "content_type": 8, "object_id": "2", "object_repr": "Blog:\u5b88\u62a4\u71d5\u8d75\u5927\u5730\u7684\u7eff\u8272\u4e0e\u73af\u4fdd", "action_flag": 2, "change_message": "[{\"changed\": {\"fields\": [\"content\"]}}]"}}, {"model": "admin.logentry", "pk": 66, "fields": {"action_time": "2020-06-10T08:14:44.114Z", "user": 1, "content_type": 3, "object_id": "1", "object_repr": "\u6e38\u5ba2", "action_flag": 1, "change_message": "[{\"added\": {}}]"}}, {"model": "admin.logentry", "pk": 67, "fields": {"action_time": "2020-06-10T08:17:33.977Z", "user": 1, "content_type": 3, "object_id": "2", "object_repr": "\u7ba1\u7406", "action_flag": 1, "change_message": "[{\"added\": {}}]"}}, {"model": "admin.logentry", "pk": 68, "fields": {"action_time": "2020-06-10T08:19:16.458Z", "user": 1, "content_type": 4, "object_id": "8", "object_repr": "ttt", "action_flag": 2, "change_message": "[{\"changed\": {\"fields\": [\"groups\", \"last_login\"]}}]"}}, {"model": "admin.logentry", "pk": 69, "fields": {"action_time": "2020-06-10T15:16:16.787Z", "user": 1, "content_type": 4, "object_id": "9", "object_repr": "\u8096\u9ad8\u6b23", "action_flag": 2, "change_message": "[{\"changed\": {\"fields\": [\"is_staff\", \"groups\", \"last_login\"]}}]"}}, {"model": "admin.logentry", "pk": 70, "fields": {"action_time": "2020-06-10T15:30:08.832Z", "user": 9, "content_type": 8, "object_id": "3", "object_repr": "Blog:\u6211\u513f\u7684\u8da3\u4e8b", "action_flag": 1, "change_message": "[{\"added\": {}}]"}}, {"model": "admin.logentry", "pk": 71, "fields": {"action_time": "2020-06-10T15:38:39.309Z", "user": 1, "content_type": 4, "object_id": "1", "object_repr": "\u6d6a\u5ba2-\u65e0\u540d", "action_flag": 2, "change_message": "[{\"changed\": {\"fields\": [\"username\", \"last_login\"]}}]"}}, {"model": "admin.logentry", "pk": 72, "fields": {"action_time": "2020-06-10T15:49:03.822Z", "user": 1, "content_type": 8, "object_id": "1", "object_repr": "Blog:\u7f18\u8d77\u7eff\u821f", "action_flag": 2, "change_message": "[{\"changed\": {\"fields\": [\"content\"]}}]"}}, {"model": "admin.logentry", "pk": 73, "fields": {"action_time": "2020-06-10T15:51:27.913Z", "user": 1, "content_type": 8, "object_id": "1", "object_repr": "Blog:\u7f18\u8d77\u7eff\u821f", "action_flag": 2, "change_message": "[{\"changed\": {\"fields\": [\"content\"]}}]"}}, {"model": "admin.logentry", "pk": 74, "fields": {"action_time": "2020-06-11T03:46:27.708Z", "user": 1, "content_type": 4, "object_id": "8", "object_repr": "ttt", "action_flag": 3, "change_message": ""}}, {"model": "admin.logentry", "pk": 75, "fields": {"action_time": "2020-06-11T03:46:27.766Z", "user": 1, "content_type": 4, "object_id": "7", "object_repr": "\u9633\u66e6", "action_flag": 3, "change_message": ""}}, {"model": "admin.logentry", "pk": 76, "fields": {"action_time": "2020-06-11T03:47:02.711Z", "user": 1, "content_type": 4, "object_id": "8", "object_repr": "ttt", "action_flag": 3, "change_message": ""}}, {"model": "admin.logentry", "pk": 77, "fields": {"action_time": "2020-06-11T03:47:18.731Z", "user": 1, "content_type": 4, "object_id": "7", "object_repr": "\u9633\u66e6", "action_flag": 3, "change_message": ""}}, {"model": "admin.logentry", "pk": 78, "fields": {"action_time": "2020-06-11T03:48:06.788Z", "user": 1, "content_type": 4, "object_id": "10", "object_repr": "ttt1", "action_flag": 3, "change_message": ""}}, {"model": "admin.logentry", "pk": 79, "fields": {"action_time": "2020-06-11T03:49:51.114Z", "user": 1, "content_type": 4, "object_id": "8", "object_repr": "ttt", "action_flag": 2, "change_message": "[{\"changed\": {\"fields\": [\"last_login\"]}}]"}}, {"model": "admin.logentry", "pk": 80, "fields": {"action_time": "2020-06-11T03:51:24.335Z", "user": 1, "content_type": 4, "object_id": "7", "object_repr": "\u9633\u66e6", "action_flag": 2, "change_message": "[{\"changed\": {\"fields\": [\"user_permissions\", \"last_login\"]}}]"}}, {"model": "admin.logentry", "pk": 81, "fields": {"action_time": "2020-06-11T03:54:20.916Z", "user": 1, "content_type": 4, "object_id": "6", "object_repr": "yooo", "action_flag": 3, "change_message": ""}}, {"model": "admin.logentry", "pk": 82, "fields": {"action_time": "2020-06-11T03:54:56.841Z", "user": 1, "content_type": 4, "object_id": "7", "object_repr": "\u9633\u66e6", "action_flag": 2, "change_message": "[{\"changed\": {\"fields\": [\"groups\"]}}]"}}, {"model": "admin.logentry", "pk": 83, "fields": {"action_time": "2020-06-11T03:55:18.960Z", "user": 1, "content_type": 4, "object_id": "7", "object_repr": "yooo", "action_flag": 2, "change_message": "[{\"changed\": {\"fields\": [\"username\"]}}]"}}, {"model": "admin.logentry", "pk": 84, "fields": {"action_time": "2020-06-11T03:58:48.170Z", "user": 1, "content_type": 3, "object_id": "2", "object_repr": "\u7ba1\u7406", "action_flag": 2, "change_message": "[{\"changed\": {\"fields\": [\"permissions\"]}}]"}}, {"model": "admin.logentry", "pk": 85, "fields": {"action_time": "2020-06-11T03:59:33.384Z", "user": 1, "content_type": 3, "object_id": "1", "object_repr": "\u6e38\u5ba2", "action_flag": 2, "change_message": "[{\"changed\": {\"fields\": [\"permissions\"]}}]"}}, {"model": "admin.logentry", "pk": 86, "fields": {"action_time": "2020-06-11T04:01:06.079Z", "user": 1, "content_type": 4, "object_id": "8", "object_repr": "ttt", "action_flag": 2, "change_message": "[{\"changed\": {\"fields\": [\"is_staff\", \"last_login\"]}}]"}}, {"model": "admin.logentry", "pk": 87, "fields": {"action_time": "2020-06-11T04:02:23.337Z", "user": 1, "content_type": 3, "object_id": "1", "object_repr": "\u6e38\u5ba2", "action_flag": 2, "change_message": "[{\"changed\": {\"fields\": [\"permissions\"]}}]"}}, {"model": "admin.logentry", "pk": 88, "fields": {"action_time": "2020-06-11T04:03:13.752Z", "user": 1, "content_type": 3, "object_id": "1", "object_repr": "\u6e38\u5ba2", "action_flag": 2, "change_message": "[{\"changed\": {\"fields\": [\"permissions\"]}}]"}}, {"model": "admin.logentry", "pk": 89, "fields": {"action_time": "2020-06-11T04:19:12.444Z", "user": 1, "content_type": 10, "object_id": "2", "object_repr": "\u968f\u7b14", "action_flag": 1, "change_message": "[{\"added\": {}}]"}}, {"model": "admin.logentry", "pk": 90, "fields": {"action_time": "2020-06-11T04:19:22.778Z", "user": 1, "content_type": 8, "object_id": "4", "object_repr": "Blog:2", "action_flag": 1, "change_message": "[{\"added\": {}}]"}}, {"model": "admin.logentry", "pk": 91, "fields": {"action_time": "2020-07-09T13:06:21.231Z", "user": 1, "content_type": 7, "object_id": "12", "object_repr": "win10\u4e0b\u8f7d", "action_flag": 2, "change_message": "[{\"changed\": {\"fields\": [\"app_name\"]}}]"}}, {"model": "admin.logentry", "pk": 92, "fields": {"action_time": "2020-07-10T01:10:24.333Z", "user": 1, "content_type": 7, "object_id": "12", "object_repr": "\u4e0b\u8f7d\u4e13\u533a", "action_flag": 2, "change_message": "[{\"changed\": {\"fields\": [\"app_name\"]}}]"}}, {"model": "admin.logentry", "pk": 93, "fields": {"action_time": "2020-07-10T01:52:31.789Z", "user": 1, "content_type": 7, "object_id": "4", "object_repr": "\u7248\u6743\u7533\u660e", "action_flag": 2, "change_message": "[{\"changed\": {\"fields\": [\"app_name\"]}}]"}}, {"model": "admin.logentry", "pk": 94, "fields": {"action_time": "2020-07-11T03:58:15.707Z", "user": 1, "content_type": 4, "object_id": "8", "object_repr": "ttt", "action_flag": 3, "change_message": ""}}, {"model": "admin.logentry", "pk": 95, "fields": {"action_time": "2020-07-11T03:58:15.716Z", "user": 1, "content_type": 4, "object_id": "7", "object_repr": "yooo", "action_flag": 3, "change_message": ""}}, {"model": "admin.logentry", "pk": 96, "fields": {"action_time": "2020-07-11T03:58:15.724Z", "user": 1, "content_type": 4, "object_id": "4", "object_repr": "\u4ed8\u5316\u9e4f", "action_flag": 3, "change_message": ""}}, {"model": "admin.logentry", "pk": 97, "fields": {"action_time": "2020-07-11T03:58:15.729Z", "user": 1, "content_type": 4, "object_id": "3", "object_repr": "\u5f20\u5b50\u8c6a", "action_flag": 3, "change_message": ""}}, {"model": "admin.logentry", "pk": 98, "fields": {"action_time": "2020-07-11T03:58:15.733Z", "user": 1, "content_type": 4, "object_id": "5", "object_repr": "\u6b27\u9633\u96c5\u8389", "action_flag": 3, "change_message": ""}}, {"model": "admin.logentry", "pk": 99, "fields": {"action_time": "2020-07-11T03:58:15.738Z", "user": 1, "content_type": 4, "object_id": "2", "object_repr": "\u8bb8\u5bb6\u4fca", "action_flag": 3, "change_message": ""}}, {"model": "admin.logentry", "pk": 100, "fields": {"action_time": "2020-07-11T04:15:22.032Z", "user": 1, "content_type": 4, "object_id": "9", "object_repr": "\u8096\u9ad8\u6b23", "action_flag": 2, "change_message": "[{\"changed\": {\"fields\": [\"is_staff\"]}}]"}}, {"model": "admin.logentry", "pk": 101, "fields": {"action_time": "2020-07-11T06:04:42.205Z", "user": 1, "content_type": 8, "object_id": "3", "object_repr": "Blog:\u6211\u513f\u7684\u8da3\u4e8b", "action_flag": 2, "change_message": "[{\"changed\": {\"fields\": [\"author\"]}}]"}}, {"model": "admin.logentry", "pk": 102, "fields": {"action_time": "2020-07-11T06:26:52.232Z", "user": 1, "content_type": 4, "object_id": "1", "object_repr": "\u821f\u821f", "action_flag": 2, "change_message": "[{\"changed\": {\"fields\": [\"username\", \"first_name\", \"last_name\", \"email\", \"last_login\"]}}]"}}, {"model": "admin.logentry", "pk": 103, "fields": {"action_time": "2020-07-11T06:28:00.794Z", "user": 1, "content_type": 4, "object_id": "11", "object_repr": "\u7f18\u513f", "action_flag": 2, "change_message": "[{\"changed\": {\"fields\": [\"username\", \"first_name\", \"last_name\", \"last_login\"]}}]"}}, {"model": "admin.logentry", "pk": 104, "fields": {"action_time": "2020-07-11T06:56:56.821Z", "user": 1, "content_type": 7, "object_id": "11", "object_repr": "\u7d20\u6750\u5e93", "action_flag": 2, "change_message": "[{\"changed\": {\"fields\": [\"app_href\"]}}]"}}, {"model": "admin.logentry", "pk": 105, "fields": {"action_time": "2020-07-12T00:29:38.755Z", "user": 1, "content_type": 11, "object_id": "15", "object_repr": "Comment object (15)", "action_flag": 3, "change_message": ""}}, {"model": "admin.logentry", "pk": 106, "fields": {"action_time": "2020-07-12T00:29:38.814Z", "user": 1, "content_type": 11, "object_id": "14", "object_repr": "Comment object (14)", "action_flag": 3, "change_message": ""}}, {"model": "admin.logentry", "pk": 107, "fields": {"action_time": "2020-07-12T00:30:23.934Z", "user": 1, "content_type": 11, "object_id": "16", "object_repr": "Comment object (16)", "action_flag": 3, "change_message": ""}}, {"model": "admin.logentry", "pk": 108, "fields": {"action_time": "2020-07-12T00:30:23.992Z", "user": 1, "content_type": 11, "object_id": "13", "object_repr": "Comment object (13)", "action_flag": 3, "change_message": ""}}, {"model": "admin.logentry", "pk": 109, "fields": {"action_time": "2020-07-12T00:30:24.001Z", "user": 1, "content_type": 11, "object_id": "7", "object_repr": "Comment object (7)", "action_flag": 3, "change_message": ""}}, {"model": "admin.logentry", "pk": 110, "fields": {"action_time": "2020-07-14T15:14:05.046Z", "user": 1, "content_type": 4, "object_id": "11", "object_repr": "\u7f18\u513f", "action_flag": 2, "change_message": "[{\"changed\": {\"fields\": [\"is_staff\", \"last_login\"]}}]"}}, {"model": "admin.logentry", "pk": 111, "fields": {"action_time": "2020-07-14T15:15:37.985Z", "user": 1, "content_type": 4, "object_id": "11", "object_repr": "\u7f18\u513f", "action_flag": 2, "change_message": "[{\"changed\": {\"fields\": [\"is_staff\", \"last_login\"]}}]"}}, {"model": "admin.logentry", "pk": 112, "fields": {"action_time": "2020-07-19T10:22:15.652Z", "user": 1, "content_type": 7, "object_id": "1", "object_repr": "\u7eff\u821f\u9996\u9875", "action_flag": 2, "change_message": "[{\"changed\": {\"fields\": [\"app_href\"]}}]"}}, {"model": "admin.logentry", "pk": 113, "fields": {"action_time": "2020-07-19T10:23:15.872Z", "user": 1, "content_type": 7, "object_id": "1", "object_repr": "\u6b22\u8fce\u754c\u9762", "action_flag": 2, "change_message": "[{\"changed\": {\"fields\": [\"app_href\", \"app_name\"]}}]"}}, {"model": "admin.logentry", "pk": 114, "fields": {"action_time": "2020-07-21T02:23:55.373Z", "user": 1, "content_type": 12, "object_id": "1", "object_repr": "Read_Num object (1)", "action_flag": 1, "change_message": "[{\"added\": {}}]"}}]